actual_product_id,structure,title,color,size,style_code,vendor_sku_code,ideal_for,size_chart,category_name,sp,mrp,coins_earn,coins_burn,brand_name,id,age_group,occasion,material,material_care,pattern,fit,length,neck,sleeve_length,style,waist,closure,size_and_fit,features,skin_type,hair_type,pack_size,preference,pack_quantity,package_contents,date_created,date_updated,product_id,container_type,country_of_origin,dosage,flavour,food_preference,food_type,heel_pattern,how_to_use,ingredients,instructions,is_organic,model,mounting_type,nutrition_content,other_details,outer_material,professional_care,protein_type,quality,shade,shape,shelf_life,shoes_fastening,shoes_type,sole_material,treatment_form,weave_type,weight,product_rank,dim_breadth,dim_height,dim_length,shipping_weight,shipping_weight_type,importer_address,manufacturer_address,color_relation_json,catalogue_rank,weightage_score,rank_type,compatible_devices,warranty,warranty_type,image_list
41030,standalone,Roasted & Lightly Salted California Pistachio - 250gm,,,KARA85522209,SaltedPista_250gm,,https://ik.imagekit.io/t2vt6tx4m/media/,Snack Time,347.00,525.00,17,35,Ambrosia,21154,,,,,,,,,,,,,,,,,,,,,2022-11-15 12:04:02.549 +0530,2025-09-17 21:30:02.051 +0530,41030,Pouch,India,,Nutty,Vegeterian,,,,Pistachios,,,,,,,,,,,,,6 Months,,,,,,250gm,10558,10.00,10.00,10.00,300.00,g,,"Karamhans Foods Pvt. Ltd. EPIP Sidco Complex Phase-3, Bari Brahmana Jammu-181133",[],99999,1.00,sale,,0 months,No Warranty,"https://ik.imagekit.io/t2vt6tx4m/media/images/products/2022/11/popclub_product_KARA85_166849404384.jpg, https://ik.imagekit.io/t2vt6tx4m/media/images/products/2022/11/popclub_product_KARA85_166849404578.jpg"
134466,parent,Organic Cotton Stretch Chino In Slate Grey- Slim Fit,Grey,30,HONE92F114235,,Men,https://ik.imagekit.io/t2vt6tx4m/media/images/sizes/2023/sizechart_HONE92_168801878771..jpg,Trousers,2242.00,2990.00,,,SUBTRACT,50498,,Casual,Organic,Gentle Machine Wash,,Normal,,,,,,Button Fly,,,,,,,1,,2023-03-01 17:38:59.511 +0530,2025-11-12 23:28:04.325 +0530,134466,,India,,,,,,,,,FALSE,,,,,,,,,,,,,,,,,350gm,169267,35.00,3.00,28.00,1.00,gms,,"Honest fashion Private Limited, Address- Plot no. 414, Phase 3, Udhyog Vihar, Gurugram 122060",[],99999,0.00,freshness,[],0 months,No Warranty,"https://ik.imagekit.io/t2vt6tx4m/media/images/products/2023/03/popclub_product_HONE92_167767254263.jpg, https://ik.imagekit.io/t2vt6tx4m/media/images/products/2023/03/popclub_product_HONE92_167767254630.jpg, https://ik.imagekit.io/t2vt6tx4m/media/images/products/2023/03/popclub_product_HONE92_167767254979.jpg, https://ik.imagekit.io/t2vt6tx4m/media/images/products/2023/03/popclub_product_HONE92_167767255327.jpg, https://ik.imagekit.io/t2vt6tx4m/media/images/products/2023/03/popclub_product_HONE92_167767255669.jpg, https://ik.imagekit.io/t2vt6tx4m/media/images/products/2023/03/popclub_product_HONE92_167767255983.jpg"
134469,child,Organic Cotton Stretch Chino In Slate Grey- Slim Fit,Grey,34,HONE92F114235,SUBCT002-SLATEGREY-34,Men,https://ik.imagekit.io/t2vt6tx4m/media/,,2242.00,2990.00,112,561,SUBTRACT,,,,,,,,,,,,,,,,,,,,,,,,,,,,,,,,,,,,,,,,,,,,,,,,,,,,,,,,,,,,,,,,,,,,"https://ik.imagekit.io/t2vt6tx4m/media/images/products/2023/03/popclub_product_HONE92_167767254263.jpg, https://ik.imagekit.io/t2vt6tx4m/media/images/products/2023/03/popclub_product_HONE92_167767254630.jpg, https://ik.imagekit.io/t2vt6tx4m/media/images/products/2023/03/popclub_product_HONE92_167767254979.jpg, https://ik.imagekit.io/t2vt6tx4m/media/images/products/2023/03/popclub_product_HONE92_167767255327.jpg, https://ik.imagekit.io/t2vt6tx4m/media/images/products/2023/03/popclub_product_HONE92_167767255669.jpg, https://ik.imagekit.io/t2vt6tx4m/media/images/products/2023/03/popclub_product_HONE92_167767255983.jpg"
134470,child,Organic Cotton Stretch Chino In Slate Grey- Slim Fit,Grey,36,HONE92F114235,SUBCT002-SLATEGREY-36,Men,https://ik.imagekit.io/t2vt6tx4m/media/,,2242.00,2990.00,112,561,SUBTRACT,,,,,,,,,,,,,,,,,,,,,,,,,,,,,,,,,,,,,,,,,,,,,,,,,,,,,,,,,,,,,,,,,,,,"https://ik.imagekit.io/t2vt6tx4m/media/images/products/2023/03/popclub_product_HONE92_167767254263.jpg, https://ik.imagekit.io/t2vt6tx4m/media/images/products/2023/03/popclub_product_HONE92_167767254630.jpg, https://ik.imagekit.io/t2vt6tx4m/media/images/products/2023/03/popclub_product_HONE92_167767254979.jpg, https://ik.imagekit.io/t2vt6tx4m/media/images/products/2023/03/popclub_product_HONE92_167767255327.jpg, https://ik.imagekit.io/t2vt6tx4m/media/images/products/2023/03/popclub_product_HONE92_167767255669.jpg, https://ik.imagekit.io/t2vt6tx4m/media/images/products/2023/03/popclub_product_HONE92_167767255983.jpg"
134471,child,Organic Cotton Stretch Chino In Slate Grey- Slim Fit,Grey,38,HONE92F114235,SUBCT002-SLATEGREY-38,Men,https://ik.imagekit.io/t2vt6tx4m/media/,,2242.00,2990.00,112,561,SUBTRACT,,,,,,,,,,,,,,,,,,,,,,,,,,,,,,,,,,,,,,,,,,,,,,,,,,,,,,,,,,,,,,,,,,,,"https://ik.imagekit.io/t2vt6tx4m/media/images/products/2023/03/popclub_product_HONE92_167767254263.jpg, https://ik.imagekit.io/t2vt6tx4m/media/images/products/2023/03/popclub_product_HONE92_167767254630.jpg, https://ik.imagekit.io/t2vt6tx4m/media/images/products/2023/03/popclub_product_HONE92_167767254979.jpg, https://ik.imagekit.io/t2vt6tx4m/media/images/products/2023/03/popclub_product_HONE92_167767255327.jpg, https://ik.imagekit.io/t2vt6tx4m/media/images/products/2023/03/popclub_product_HONE92_167767255669.jpg, https://ik.imagekit.io/t2vt6tx4m/media/images/products/2023/03/popclub_product_HONE92_167767255983.jpg"
134472,parent,Organic Cotton Stretch Chino In Beige- Slim Fit,Beige,30,HONE92F114236,,Men,https://ik.imagekit.io/t2vt6tx4m/media/images/sizes/2023/sizechart_HONE92_168801870152..jpg,Trousers,,,,,SUBTRACT,50499,,Casual,Organic,Gentle Machine Wash,,Normal,,,,,,Button Fly,,,,,,,1,,2023-03-01 17:39:20.187 +0530,2025-11-12 23:28:06.506 +0530,134472,,India,,,,,,,,,FALSE,,,,,,,,,,,,,,,,,350gm,169266,35.00,3.00,28.00,1.00,gms,,"Honest fashion Private Limited, Address- Plot no. 414, Phase 3, Udhyog Vihar, Gurugram 122060",[],99999,0.00,freshness,[],0 months,No Warranty,"https://ik.imagekit.io/t2vt6tx4m/media/images/products/2023/03/popclub_product_HONE92_167767256425.jpg, https://ik.imagekit.io/t2vt6tx4m/media/images/products/2023/03/popclub_product_HONE92_167767256736.jpg, https://ik.imagekit.io/t2vt6tx4m/media/images/products/2023/03/popclub_product_HONE92_167767257027.jpg, https://ik.imagekit.io/t2vt6tx4m/media/images/products/2023/03/popclub_product_HONE92_167767257327.jpg, https://ik.imagekit.io/t2vt6tx4m/media/images/products/2023/03/popclub_product_HONE92_167767257707.jpg, https://ik.imagekit.io/t2vt6tx4m/media/images/products/2023/03/popclub_product_HONE92_167767258051.jpg"
134475,child,Organic Cotton Stretch Chino In Beige- Slim Fit,Beige,34,HONE92F114236,SUBCT002-BEIGE-34,Men,https://ik.imagekit.io/t2vt6tx4m/media/,,2242.00,2990.00,112,561,SUBTRACT,,,,,,,,,,,,,,,,,,,,,,,,,,,,,,,,,,,,,,,,,,,,,,,,,,,,,,,,,,,,,,,,,,,,"https://ik.imagekit.io/t2vt6tx4m/media/images/products/2023/03/popclub_product_HONE92_167767256425.jpg, https://ik.imagekit.io/t2vt6tx4m/media/images/products/2023/03/popclub_product_HONE92_167767256736.jpg, https://ik.imagekit.io/t2vt6tx4m/media/images/products/2023/03/popclub_product_HONE92_167767257027.jpg, https://ik.imagekit.io/t2vt6tx4m/media/images/products/2023/03/popclub_product_HONE92_167767257327.jpg, https://ik.imagekit.io/t2vt6tx4m/media/images/products/2023/03/popclub_product_HONE92_167767257707.jpg, https://ik.imagekit.io/t2vt6tx4m/media/images/products/2023/03/popclub_product_HONE92_167767258051.jpg"
134476,child,Organic Cotton Stretch Chino In Beige- Slim Fit,Beige,36,HONE92F114236,SUBCT002-BEIGE-36,Men,https://ik.imagekit.io/t2vt6tx4m/media/,,2242.00,2990.00,112,561,SUBTRACT,,,,,,,,,,,,,,,,,,,,,,,,,,,,,,,,,,,,,,,,,,,,,,,,,,,,,,,,,,,,,,,,,,,,"https://ik.imagekit.io/t2vt6tx4m/media/images/products/2023/03/popclub_product_HONE92_167767256425.jpg, https://ik.imagekit.io/t2vt6tx4m/media/images/products/2023/03/popclub_product_HONE92_167767256736.jpg, https://ik.imagekit.io/t2vt6tx4m/media/images/products/2023/03/popclub_product_HONE92_167767257027.jpg, https://ik.imagekit.io/t2vt6tx4m/media/images/products/2023/03/popclub_product_HONE92_167767257327.jpg, https://ik.imagekit.io/t2vt6tx4m/media/images/products/2023/03/popclub_product_HONE92_167767257707.jpg, https://ik.imagekit.io/t2vt6tx4m/media/images/products/2023/03/popclub_product_HONE92_167767258051.jpg"
243944,parent,Men Originals White Block Collar Neck Printed T-shirts,Multicolor,XXS,THE93F1102122,,Men,https://ik.imagekit.io/t2vt6tx4m/media/compressed-images/235810_235810_sizechart_20240904_064503.jpg,Polos,,,,,The Souled Store,115297,,Casual,Cotton,Gentle Machine Wash,Colorblock,Oversized Fit,,Collar Neck,Half Sleeve,,,Button,,,,,,,1N,,2024-05-02 14:25:52.253 +0530,2025-11-08 18:24:59.434 +0530,243944,,India,,,,,,,,,FALSE,,,,,,,,,,,,,,,,,300,122769,2.00,25.00,30.00,10.00,GRAM,,"The Souled Store Pvt. Ltd. - 224, Tantia Jogani Industrial Premises, J.R. Boricha Marg, Lower Parel (E), Mumbai - 11, connect@thesouledstore.com",[],99999,0.00,freshness,[],0 months,No Warranty,"https://ik.imagekit.io/t2vt6tx4m/media/images/products/2024/05/popclub_product_THE93_171464015231.jpg, https://ik.imagekit.io/t2vt6tx4m/media/images/products/2024/05/popclub_product_THE93_171464015268.jpg, https://ik.imagekit.io/t2vt6tx4m/media/images/products/2024/05/popclub_product_THE93_171464015317.jpg, https://ik.imagekit.io/t2vt6tx4m/media/images/products/2024/05/popclub_product_THE93_171464015354.jpg, https://ik.imagekit.io/t2vt6tx4m/media/images/products/2024/05/popclub_product_THE93_171464015389.jpg"
243946,child,Tss Originals: White Block,Multicolor,XS,THE93F1102122,235924,Men,https://ik.imagekit.io/t2vt6tx4m/media/compressed-images/235810_235810_sizechart_20240904_064503.jpg,,1049.00,1499.00,52,262,The Souled Store,,,,,,,,,,,,,,,,,,,,,,,,,,,,,,,,,,,,,,,,,,,,,,,,,,,,,,,,,,,,,,,,,,,,
243947,child,Men Originals White Block Collar Neck Printed T-shirts,Multicolor,S,THE93F1102122,235925,Men,https://ik.imagekit.io/t2vt6tx4m/media/compressed-images/235810_235810_sizechart_20240904_064503.jpg,,1049.00,1499.00,52,262,The Souled Store,,,,,,,,,,,,,,,,,,,,,,,,,,,,,,,,,,,,,,,,,,,,,,,,,,,,,,,,,,,,,,,,,,,,"https://ik.imagekit.io/t2vt6tx4m/media/images/products/2024/05/popclub_product_THE93_171464015231.jpg, https://ik.imagekit.io/t2vt6tx4m/media/images/products/2024/05/popclub_product_THE93_171464015268.jpg, https://ik.imagekit.io/t2vt6tx4m/media/images/products/2024/05/popclub_product_THE93_171464015317.jpg, https://ik.imagekit.io/t2vt6tx4m/media/images/products/2024/05/popclub_product_THE93_171464015354.jpg, https://ik.imagekit.io/t2vt6tx4m/media/images/products/2024/05/popclub_product_THE93_171464015389.jpg"
243948,child,Men Tss Originals: White Block Collar Neck T-Shirts,Multicolor,M,THE93F1102122,235926,Men,https://ik.imagekit.io/t2vt6tx4m/media/compressed-images/235810_235810_sizechart_20240904_064503.jpg,,1049.00,1499.00,52,262,The Souled Store,,,,,,,,,,,,,,,,,,,,,,,,,,,,,,,,,,,,,,,,,,,,,,,,,,,,,,,,,,,,,,,,,,,,
243949,child,Tss Originals: White Block,Multicolor,L,THE93F1102122,235927,Men,https://ik.imagekit.io/t2vt6tx4m/media/compressed-images/235810_235810_sizechart_20240904_064503.jpg,,1049.00,1499.00,52,262,The Souled Store,,,,,,,,,,,,,,,,,,,,,,,,,,,,,,,,,,,,,,,,,,,,,,,,,,,,,,,,,,,,,,,,,,,,
243950,child,Tss Originals: White Block,Multicolor,XL,THE93F1102122,235928,Men,https://ik.imagekit.io/t2vt6tx4m/media/compressed-images/235810_235810_sizechart_20240904_064503.jpg,,1049.00,1499.00,52,262,The Souled Store,,,,,,,,,,,,,,,,,,,,,,,,,,,,,,,,,,,,,,,,,,,,,,,,,,,,,,,,,,,,,,,,,,,,
243951,child,Tss Originals: White Block,Multicolor,XXL,THE93F1102122,235929,Men,https://ik.imagekit.io/t2vt6tx4m/media/compressed-images/235810_235810_sizechart_20240904_064503.jpg,,1049.00,1499.00,52,262,The Souled Store,,,,,,,,,,,,,,,,,,,,,,,,,,,,,,,,,,,,,,,,,,,,,,,,,,,,,,,,,,,,,,,,,,,,
243952,child,Tss Originals: White Block,Multicolor,XXXL,THE93F1102122,235930,Men,https://ik.imagekit.io/t2vt6tx4m/media/compressed-images/235810_235810_sizechart_20240904_064503.jpg,,1049.00,1499.00,52,262,The Souled Store,,,,,,,,,,,,,,,,,,,,,,,,,,,,,,,,,,,,,,,,,,,,,,,,,,,,,,,,,,,,,,,,,,,,
428848,parent,Men's Pink Heathered Korean Oversized Shirt,Pink,S,CAMP54F1025905,,Men,https://ik.imagekit.io/t2vt6tx4m/media/compressed-images/SSZ24_CSMOVSRT7490_S_SSZ24_CSMOVSRT7490_sizechart_20250506_123102.jpg,Casuals,,,,,Campus Sutra,165975,,Casual,Polyester,Machine Wash As Per The Tag,Solid/Plain,Oversized,,Notched Lapel,Half Sleeve,,,Button Fly,,,,,,,1N,,2025-01-24 12:00:26.344 +0530,2025-09-17 21:20:29.470 +0530,428848,,India,,,,,,,,,FALSE,,,,,,,,,,,,,,,,,350gm,86348,18.00,5.00,18.00,10.00,GRAM,,,[],4,0.00,freshness,,0 months,No Warranty,"https://ik.imagekit.io/t2vt6tx4m/media/compressed-images/SSZ24_CSMOVSRT7490_S_SSZ24_CSMOVSRT7490_0_20250123_130052.jpg, https://ik.imagekit.io/t2vt6tx4m/media/compressed-images/SSZ24_CSMOVSRT7490_S_SSZ24_CSMOVSRT7490_1_20250123_130056.jpg, https://ik.imagekit.io/t2vt6tx4m/media/compressed-images/SSZ24_CSMOVSRT7490_S_SSZ24_CSMOVSRT7490_2_20250123_130100.jpg, https://ik.imagekit.io/t2vt6tx4m/media/compressed-images/SSZ24_CSMOVSRT7490_S_SSZ24_CSMOVSRT7490_3_20250123_130104.jpg, https://ik.imagekit.io/t2vt6tx4m/media/compressed-images/SSZ24_CSMOVSRT7490_S_SSZ24_CSMOVSRT7490_4_20250123_130108.jpg, https://ik.imagekit.io/t2vt6tx4m/media/compressed-images/SSZ24_CSMOVSRT7490_S_SSZ24_CSMOVSRT7490_5_20250123_130111.jpg"
430986,child,Men's Pink Heathered Korean Oversized Shirt,Pink,S,CAMP54F1025905,SSZ24_CSMOVSRT7490_S,Men,https://ik.imagekit.io/t2vt6tx4m/media/compressed-images/SSZ24_CSMOVSRT7490_S_SSZ24_CSMOVSRT7490_sizechart_20250506_123102.jpg,,899.00,1999.00,45,225,Campus Sutra,,,,,,,,,,,,,,,,,,,,,,,,,,,,,,,,,,,,,,,,,,,,,,,,,,,,,,,,,,,,,,,,,,,,"https://ik.imagekit.io/t2vt6tx4m/media/compressed-images/SSZ24_CSMOVSRT7490_S_SSZ24_CSMOVSRT7490_0_20250123_130052.jpg, https://ik.imagekit.io/t2vt6tx4m/media/compressed-images/SSZ24_CSMOVSRT7490_S_SSZ24_CSMOVSRT7490_1_20250123_130056.jpg, https://ik.imagekit.io/t2vt6tx4m/media/compressed-images/SSZ24_CSMOVSRT7490_S_SSZ24_CSMOVSRT7490_2_20250123_130100.jpg, https://ik.imagekit.io/t2vt6tx4m/media/compressed-images/SSZ24_CSMOVSRT7490_S_SSZ24_CSMOVSRT7490_3_20250123_130104.jpg, https://ik.imagekit.io/t2vt6tx4m/media/compressed-images/SSZ24_CSMOVSRT7490_S_SSZ24_CSMOVSRT7490_4_20250123_130108.jpg, https://ik.imagekit.io/t2vt6tx4m/media/compressed-images/SSZ24_CSMOVSRT7490_S_SSZ24_CSMOVSRT7490_5_20250123_130111.jpg"
430987,child,Men's Pink Heathered Korean Oversized Shirt,Pink,M,CAMP54F1025905,SSZ24_CSMOVSRT7490_M,Men,https://ik.imagekit.io/t2vt6tx4m/media/compressed-images/SSZ24_CSMOVSRT7490_S_SSZ24_CSMOVSRT7490_sizechart_20250506_123102.jpg,,899.00,1999.00,45,225,Campus Sutra,,,,,,,,,,,,,,,,,,,,,,,,,,,,,,,,,,,,,,,,,,,,,,,,,,,,,,,,,,,,,,,,,,,,"https://ik.imagekit.io/t2vt6tx4m/media/compressed-images/SSZ24_CSMOVSRT7490_S_SSZ24_CSMOVSRT7490_0_20250123_130052.jpg, https://ik.imagekit.io/t2vt6tx4m/media/compressed-images/SSZ24_CSMOVSRT7490_S_SSZ24_CSMOVSRT7490_1_20250123_130056.jpg, https://ik.imagekit.io/t2vt6tx4m/media/compressed-images/SSZ24_CSMOVSRT7490_S_SSZ24_CSMOVSRT7490_2_20250123_130100.jpg, https://ik.imagekit.io/t2vt6tx4m/media/compressed-images/SSZ24_CSMOVSRT7490_S_SSZ24_CSMOVSRT7490_3_20250123_130104.jpg, https://ik.imagekit.io/t2vt6tx4m/media/compressed-images/SSZ24_CSMOVSRT7490_S_SSZ24_CSMOVSRT7490_4_20250123_130108.jpg, https://ik.imagekit.io/t2vt6tx4m/media/compressed-images/SSZ24_CSMOVSRT7490_S_SSZ24_CSMOVSRT7490_5_20250123_130111.jpg"
430988,child,Men's Pink Heathered Korean Oversized Shirt,Pink,L,CAMP54F1025905,SSZ24_CSMOVSRT7490_L,Men,https://ik.imagekit.io/t2vt6tx4m/media/compressed-images/SSZ24_CSMOVSRT7490_S_SSZ24_CSMOVSRT7490_sizechart_20250506_123102.jpg,,899.00,1999.00,45,225,Campus Sutra,,,,,,,,,,,,,,,,,,,,,,,,,,,,,,,,,,,,,,,,,,,,,,,,,,,,,,,,,,,,,,,,,,,,"https://ik.imagekit.io/t2vt6tx4m/media/compressed-images/SSZ24_CSMOVSRT7490_S_SSZ24_CSMOVSRT7490_0_20250123_130052.jpg, https://ik.imagekit.io/t2vt6tx4m/media/compressed-images/SSZ24_CSMOVSRT7490_S_SSZ24_CSMOVSRT7490_1_20250123_130056.jpg, https://ik.imagekit.io/t2vt6tx4m/media/compressed-images/SSZ24_CSMOVSRT7490_S_SSZ24_CSMOVSRT7490_2_20250123_130100.jpg, https://ik.imagekit.io/t2vt6tx4m/media/compressed-images/SSZ24_CSMOVSRT7490_S_SSZ24_CSMOVSRT7490_3_20250123_130104.jpg, https://ik.imagekit.io/t2vt6tx4m/media/compressed-images/SSZ24_CSMOVSRT7490_S_SSZ24_CSMOVSRT7490_4_20250123_130108.jpg, https://ik.imagekit.io/t2vt6tx4m/media/compressed-images/SSZ24_CSMOVSRT7490_S_SSZ24_CSMOVSRT7490_5_20250123_130111.jpg"
430989,child,Men's Pink Heathered Korean Oversized Shirt,Pink,XL,CAMP54F1025905,SSZ24_CSMOVSRT7490_XL,Men,https://ik.imagekit.io/t2vt6tx4m/media/compressed-images/SSZ24_CSMOVSRT7490_S_SSZ24_CSMOVSRT7490_sizechart_20250506_123102.jpg,,899.00,1999.00,45,225,Campus Sutra,,,,,,,,,,,,,,,,,,,,,,,,,,,,,,,,,,,,,,,,,,,,,,,,,,,,,,,,,,,,,,,,,,,,"https://ik.imagekit.io/t2vt6tx4m/media/compressed-images/SSZ24_CSMOVSRT7490_S_SSZ24_CSMOVSRT7490_0_20250123_130052.jpg, https://ik.imagekit.io/t2vt6tx4m/media/compressed-images/SSZ24_CSMOVSRT7490_S_SSZ24_CSMOVSRT7490_1_20250123_130056.jpg, https://ik.imagekit.io/t2vt6tx4m/media/compressed-images/SSZ24_CSMOVSRT7490_S_SSZ24_CSMOVSRT7490_2_20250123_130100.jpg, https://ik.imagekit.io/t2vt6tx4m/media/compressed-images/SSZ24_CSMOVSRT7490_S_SSZ24_CSMOVSRT7490_3_20250123_130104.jpg, https://ik.imagekit.io/t2vt6tx4m/media/compressed-images/SSZ24_CSMOVSRT7490_S_SSZ24_CSMOVSRT7490_4_20250123_130108.jpg, https://ik.imagekit.io/t2vt6tx4m/media/compressed-images/SSZ24_CSMOVSRT7490_S_SSZ24_CSMOVSRT7490_5_20250123_130111.jpg"
496872,parent,Lavender & Red Cotton Round Neck Half Sleeve Printed Oversized T-shirt - Pack Of 2,Lavender||Red,S,BODY54F111341,,Men,https://ik.imagekit.io/t2vt6tx4m/media/compressed-images/BUL_2BDS_7ICL_CRE _S_BUL_2BDS_7ICL_CRE_sizechart_20250311_104215.jpg,Oversized Tees,,,,,BULLMER,177184,,Casual,Cotton Blend,Hand Wash Only,Printed,Comfortable,,Round Neck,Half Sleeve,,,Pull On,,,,,,,2N,,2025-03-11 18:00:43.536 +0530,2025-11-11 20:00:33.298 +0530,496872,,India,,,,,,,,,FALSE,,,,,,,,,,,,,,,,,250gm,75139,15.00,5.00,15.00,10.00,GRAM,,,[],99999,0.00,freshness,[],0 months,No Warranty,"https://ik.imagekit.io/t2vt6tx4m/media/compressed-images/df6857d5-fa54-44da-ab95-1d408f08a6f2_0_20250917_120015.jpg, https://ik.imagekit.io/t2vt6tx4m/media/compressed-images/1343378e-8a33-43d2-9b13-4618410d6228_1_20250917_120016.jpg, https://ik.imagekit.io/t2vt6tx4m/media/compressed-images/5acb2d53-7376-4a32-a056-a720b6f8d0a4_2_20250917_120017.jpg, https://ik.imagekit.io/t2vt6tx4m/media/compressed-images/f5d2ae71-86a5-4ac0-98c8-f1a35eda2bcd_3_20250917_120018.jpg, https://ik.imagekit.io/t2vt6tx4m/media/compressed-images/8b7c8975-31a5-4fef-a732-defd06c4995e_5_20250917_120019.jpg, https://ik.imagekit.io/t2vt6tx4m/media/compressed-images/dc0d2d4a-e65e-48cb-8665-e512bbd771c4_4_20250917_120020.jpg"
499469,child,Lavender & Red Cotton Round Neck Half Sleeve Printed Oversized T-shirt - Pack Of 2,Lavender||Red,S,BODY54F111341,BUL-2BDS-7ICL_CRE -S,Men,https://ik.imagekit.io/t2vt6tx4m/media/compressed-images/BUL_2BDS_7ICL_CRE _S_BUL_2BDS_7ICL_CRE_sizechart_20250311_104215.jpg,,392.00,2998.00,20,39,BULLMER,,,,,,,,,,,,,,,,,,,,,,,,,,,,,,,,,,,,,,,,,,,,,,,,,,,,,,,,,,,,,,,,,,,,"https://ik.imagekit.io/t2vt6tx4m/media/compressed-images/df6857d5-fa54-44da-ab95-1d408f08a6f2_0_20250917_120015.jpg, https://ik.imagekit.io/t2vt6tx4m/media/compressed-images/1343378e-8a33-43d2-9b13-4618410d6228_1_20250917_120016.jpg, https://ik.imagekit.io/t2vt6tx4m/media/compressed-images/5acb2d53-7376-4a32-a056-a720b6f8d0a4_2_20250917_120017.jpg, https://ik.imagekit.io/t2vt6tx4m/media/compressed-images/f5d2ae71-86a5-4ac0-98c8-f1a35eda2bcd_3_20250917_120018.jpg, https://ik.imagekit.io/t2vt6tx4m/media/compressed-images/8b7c8975-31a5-4fef-a732-defd06c4995e_5_20250917_120019.jpg, https://ik.imagekit.io/t2vt6tx4m/media/compressed-images/dc0d2d4a-e65e-48cb-8665-e512bbd771c4_4_20250917_120020.jpg"
499470,child,Lavender & Red Cotton Round Neck Half Sleeve Printed Oversized T-shirt - Pack Of 2,Lavender||Red,M,BODY54F111341,BUL-2BDS-7ICL_CRE -M,Men,https://ik.imagekit.io/t2vt6tx4m/media/compressed-images/BUL_2BDS_7ICL_CRE _S_BUL_2BDS_7ICL_CRE_sizechart_20250311_104215.jpg,,392.00,2998.00,20,39,BULLMER,,,,,,,,,,,,,,,,,,,,,,,,,,,,,,,,,,,,,,,,,,,,,,,,,,,,,,,,,,,,,,,,,,,,"https://ik.imagekit.io/t2vt6tx4m/media/compressed-images/df6857d5-fa54-44da-ab95-1d408f08a6f2_0_20250917_120015.jpg, https://ik.imagekit.io/t2vt6tx4m/media/compressed-images/1343378e-8a33-43d2-9b13-4618410d6228_1_20250917_120016.jpg, https://ik.imagekit.io/t2vt6tx4m/media/compressed-images/5acb2d53-7376-4a32-a056-a720b6f8d0a4_2_20250917_120017.jpg, https://ik.imagekit.io/t2vt6tx4m/media/compressed-images/f5d2ae71-86a5-4ac0-98c8-f1a35eda2bcd_3_20250917_120018.jpg, https://ik.imagekit.io/t2vt6tx4m/media/compressed-images/8b7c8975-31a5-4fef-a732-defd06c4995e_5_20250917_120019.jpg, https://ik.imagekit.io/t2vt6tx4m/media/compressed-images/dc0d2d4a-e65e-48cb-8665-e512bbd771c4_4_20250917_120020.jpg"
499471,child,Lavender & Red Cotton Round Neck Half Sleeve Printed Oversized T-shirt - Pack Of 2,Lavender||Red,L,BODY54F111341,BUL-2BDS-7ICL_CRE -L,Men,https://ik.imagekit.io/t2vt6tx4m/media/compressed-images/BUL_2BDS_7ICL_CRE _S_BUL_2BDS_7ICL_CRE_sizechart_20250311_104215.jpg,,392.00,2998.00,20,39,BULLMER,,,,,,,,,,,,,,,,,,,,,,,,,,,,,,,,,,,,,,,,,,,,,,,,,,,,,,,,,,,,,,,,,,,,"https://ik.imagekit.io/t2vt6tx4m/media/compressed-images/df6857d5-fa54-44da-ab95-1d408f08a6f2_0_20250917_120015.jpg, https://ik.imagekit.io/t2vt6tx4m/media/compressed-images/1343378e-8a33-43d2-9b13-4618410d6228_1_20250917_120016.jpg, https://ik.imagekit.io/t2vt6tx4m/media/compressed-images/5acb2d53-7376-4a32-a056-a720b6f8d0a4_2_20250917_120017.jpg, https://ik.imagekit.io/t2vt6tx4m/media/compressed-images/f5d2ae71-86a5-4ac0-98c8-f1a35eda2bcd_3_20250917_120018.jpg, https://ik.imagekit.io/t2vt6tx4m/media/compressed-images/8b7c8975-31a5-4fef-a732-defd06c4995e_5_20250917_120019.jpg, https://ik.imagekit.io/t2vt6tx4m/media/compressed-images/dc0d2d4a-e65e-48cb-8665-e512bbd771c4_4_20250917_120020.jpg"
499472,child,Lavender & Red Cotton Round Neck Half Sleeve Printed Oversized T-shirt - Pack Of 2,Lavender||Red,XL,BODY54F111341,BUL-2BDS-7ICL_CRE -XL,Men,https://ik.imagekit.io/t2vt6tx4m/media/compressed-images/BUL_2BDS_7ICL_CRE _S_BUL_2BDS_7ICL_CRE_sizechart_20250311_104215.jpg,,392.00,2998.00,20,39,BULLMER,,,,,,,,,,,,,,,,,,,,,,,,,,,,,,,,,,,,,,,,,,,,,,,,,,,,,,,,,,,,,,,,,,,,"https://ik.imagekit.io/t2vt6tx4m/media/compressed-images/df6857d5-fa54-44da-ab95-1d408f08a6f2_0_20250917_120015.jpg, https://ik.imagekit.io/t2vt6tx4m/media/compressed-images/1343378e-8a33-43d2-9b13-4618410d6228_1_20250917_120016.jpg, https://ik.imagekit.io/t2vt6tx4m/media/compressed-images/5acb2d53-7376-4a32-a056-a720b6f8d0a4_2_20250917_120017.jpg, https://ik.imagekit.io/t2vt6tx4m/media/compressed-images/f5d2ae71-86a5-4ac0-98c8-f1a35eda2bcd_3_20250917_120018.jpg, https://ik.imagekit.io/t2vt6tx4m/media/compressed-images/8b7c8975-31a5-4fef-a732-defd06c4995e_5_20250917_120019.jpg, https://ik.imagekit.io/t2vt6tx4m/media/compressed-images/dc0d2d4a-e65e-48cb-8665-e512bbd771c4_4_20250917_120020.jpg"
499473,child,Lavender & Red Cotton Round Neck Half Sleeve Printed Oversized T-shirt - Pack Of 2,Lavender||Red,2XL,BODY54F111341,BUL-2BDS-7ICL_CRE -2XL,Men,https://ik.imagekit.io/t2vt6tx4m/media/compressed-images/BUL_2BDS_7ICL_CRE _S_BUL_2BDS_7ICL_CRE_sizechart_20250311_104215.jpg,,392.00,2998.00,20,39,BULLMER,,,,,,,,,,,,,,,,,,,,,,,,,,,,,,,,,,,,,,,,,,,,,,,,,,,,,,,,,,,,,,,,,,,,"https://ik.imagekit.io/t2vt6tx4m/media/compressed-images/df6857d5-fa54-44da-ab95-1d408f08a6f2_0_20250917_120015.jpg, https://ik.imagekit.io/t2vt6tx4m/media/compressed-images/1343378e-8a33-43d2-9b13-4618410d6228_1_20250917_120016.jpg, https://ik.imagekit.io/t2vt6tx4m/media/compressed-images/5acb2d53-7376-4a32-a056-a720b6f8d0a4_2_20250917_120017.jpg, https://ik.imagekit.io/t2vt6tx4m/media/compressed-images/f5d2ae71-86a5-4ac0-98c8-f1a35eda2bcd_3_20250917_120018.jpg, https://ik.imagekit.io/t2vt6tx4m/media/compressed-images/8b7c8975-31a5-4fef-a732-defd06c4995e_5_20250917_120019.jpg, https://ik.imagekit.io/t2vt6tx4m/media/compressed-images/dc0d2d4a-e65e-48cb-8665-e512bbd771c4_4_20250917_120020.jpg"
612530,standalone,"Reed Diffuser Set Elite-essence Fragrance 120ml Glass Bottle, Aromatic Diffuser, Gift Set With 5 Black Fiber Sticks",,,R-SET120ML-ELITEESSENCE-B-FIBER,R-SET120ML-ELITEESSENCE-B-FIBER,,https://ik.imagekit.io/t2vt6tx4m/media/,Diffusers,359.00,1499.00,18,36,Global Aroma,185881,,,,"Carefully Open The Oil Bottle And Insert The Reeds, Allowing Them To Absorb The Fragrance. Place The Diffuser On A Flat, Stable Surface, Away From Direct Sunlight, Heat Sources, Or Strong Drafts, As These Can Affect Performance.",,,,,,,,,,,,,,,1N,,2025-04-11 11:00:10.188 +0530,2025-10-07 14:40:04.712 +0530,612530,,,,,,,,,,,FALSE,,,,,,,,,,,,,,,,,,66442,11.00,27.00,11.00,350.00,gm,,,[],99999,0.00,freshness,,0 months,No Warranty,"https://ik.imagekit.io/t2vt6tx4m/media/compressed-images/R_SET120ML_ELITEESSENCE_B_FIBER_R_SET120ML_ELITEESSENCE_B_FIBER_0_20250411_033754.jpg, https://ik.imagekit.io/t2vt6tx4m/media/compressed-images/R_SET120ML_ELITEESSENCE_B_FIBER_R_SET120ML_ELITEESSENCE_B_FIBER_1_20250411_033758.jpg, https://ik.imagekit.io/t2vt6tx4m/media/compressed-images/R_SET120ML_ELITEESSENCE_B_FIBER_R_SET120ML_ELITEESSENCE_B_FIBER_2_20250411_033802.jpg, https://ik.imagekit.io/t2vt6tx4m/media/compressed-images/R_SET120ML_ELITEESSENCE_B_FIBER_R_SET120ML_ELITEESSENCE_B_FIBER_3_20250411_033807.jpg"
717137,parent,Grey Colorblocked Gym Vest For Men,Grey,S,CHAK18F133531,,Men,https://ik.imagekit.io/t2vt6tx4m/media/compressed-images/TI_GYBLVEST_VT1_S_TI_GYBLVEST_VT1_sizechart_20250519_175427.jpg,Innerwear,,469,,,TRIPR,193417,,Casual,Cotton Blend,Regular Machine Wash,Colorblocked,Regular Fit,,Square Neck,Sleeveless,,,Pull-On,,,,,,,1N,,2025-05-08 15:00:05.912 +0530,2025-10-07 16:40:46.793 +0530,717137,,India,,,,,,,,,FALSE,,,,,,,,,,,,,,,,,160gm,58906,14.00,4.00,30.00,10.00,GRAM,,,[],99999,0.00,freshness,,0 months,No Warranty,"https://ik.imagekit.io/t2vt6tx4m/media/compressed-images/TI_GYBLVEST_VT1_S_TI_GYBLVEST_VT1_0_20250508_072438.jpg, https://ik.imagekit.io/t2vt6tx4m/media/compressed-images/TI_GYBLVEST_VT1_S_TI_GYBLVEST_VT1_3_20250508_072445.jpg"
717512,child,Grey Colorblocked Gym Vest For Men,Grey,S,CHAK18F133531,TI.GYBLVEST-VT1-S,Men,https://ik.imagekit.io/t2vt6tx4m/media/compressed-images/TI_GYBLVEST_VT1_S_TI_GYBLVEST_VT1_sizechart_20250519_175427.jpg,,260.00,1999.00,13,26,TRIPR,,,,,,,,,,,,,,,,,,,,,,,,,,,,,,,,,,,,,,,,,,,,,,,,,,,,,,,,,,,,,,,,,,,,"https://ik.imagekit.io/t2vt6tx4m/media/compressed-images/TI_GYBLVEST_VT1_S_TI_GYBLVEST_VT1_0_20250508_072438.jpg, https://ik.imagekit.io/t2vt6tx4m/media/compressed-images/TI_GYBLVEST_VT1_S_TI_GYBLVEST_VT1_3_20250508_072445.jpg"
717513,child,Grey Colorblocked Gym Vest For Men,Grey,M,CHAK18F133531,TI.GYBLVEST-VT1-M,Men,https://ik.imagekit.io/t2vt6tx4m/media/compressed-images/TI_GYBLVEST_VT1_S_TI_GYBLVEST_VT1_sizechart_20250519_175427.jpg,,260.00,1999.00,13,26,TRIPR,,,,,,,,,,,,,,,,,,,,,,,,,,,,,,,,,,,,,,,,,,,,,,,,,,,,,,,,,,,,,,,,,,,,"https://ik.imagekit.io/t2vt6tx4m/media/compressed-images/TI_GYBLVEST_VT1_S_TI_GYBLVEST_VT1_0_20250508_072438.jpg, https://ik.imagekit.io/t2vt6tx4m/media/compressed-images/TI_GYBLVEST_VT1_S_TI_GYBLVEST_VT1_3_20250508_072445.jpg"
717514,child,Grey Colorblocked Gym Vest For Men,Grey,L,CHAK18F133531,TI.GYBLVEST-VT1-L,Men,https://ik.imagekit.io/t2vt6tx4m/media/compressed-images/TI_GYBLVEST_VT1_S_TI_GYBLVEST_VT1_sizechart_20250519_175427.jpg,,260.00,1999.00,13,26,TRIPR,,,,,,,,,,,,,,,,,,,,,,,,,,,,,,,,,,,,,,,,,,,,,,,,,,,,,,,,,,,,,,,,,,,,"https://ik.imagekit.io/t2vt6tx4m/media/compressed-images/TI_GYBLVEST_VT1_S_TI_GYBLVEST_VT1_0_20250508_072438.jpg, https://ik.imagekit.io/t2vt6tx4m/media/compressed-images/TI_GYBLVEST_VT1_S_TI_GYBLVEST_VT1_3_20250508_072445.jpg"
717515,child,Grey Colorblocked Gym Vest For Men,Grey,XL,CHAK18F133531,TI.GYBLVEST-VT1-XL,Men,https://ik.imagekit.io/t2vt6tx4m/media/compressed-images/TI_GYBLVEST_VT1_S_TI_GYBLVEST_VT1_sizechart_20250519_175427.jpg,,260.00,1999.00,13,26,TRIPR,,,,,,,,,,,,,,,,,,,,,,,,,,,,,,,,,,,,,,,,,,,,,,,,,,,,,,,,,,,,,,,,,,,,"https://ik.imagekit.io/t2vt6tx4m/media/compressed-images/TI_GYBLVEST_VT1_S_TI_GYBLVEST_VT1_0_20250508_072438.jpg, https://ik.imagekit.io/t2vt6tx4m/media/compressed-images/TI_GYBLVEST_VT1_S_TI_GYBLVEST_VT1_3_20250508_072445.jpg"
717516,child,Grey Colorblocked Gym Vest For Men,Grey,2XL,CHAK18F133531,TI.GYBLVEST-VT1-2XL,Men,https://ik.imagekit.io/t2vt6tx4m/media/compressed-images/TI_GYBLVEST_VT1_S_TI_GYBLVEST_VT1_sizechart_20250519_175427.jpg,,260.00,1999.00,13,26,TRIPR,,,,,,,,,,,,,,,,,,,,,,,,,,,,,,,,,,,,,,,,,,,,,,,,,,,,,,,,,,,,,,,,,,,,"https://ik.imagekit.io/t2vt6tx4m/media/compressed-images/TI_GYBLVEST_VT1_S_TI_GYBLVEST_VT1_0_20250508_072438.jpg, https://ik.imagekit.io/t2vt6tx4m/media/compressed-images/TI_GYBLVEST_VT1_S_TI_GYBLVEST_VT1_3_20250508_072445.jpg"
787062,parent,Womens Boxy Regular Embroidery Crew Neck Tshirt,Red,XS,ELC88F1731202,,Women,https://ik.imagekit.io/t2vt6tx4m/media/compressed-images/WMNBXRL014FEW_XS_WMNBXRL014FEW_sizechart_20250603_082823.png,Tees,,,,,DILLINGER,208248,,Casual,Cotton,Machine Wash,Printed,Boxy,,Round Neck,Half Sleeve,,,Pull On,,,,,,,1N,,2025-06-03 14:00:27.817 +0530,2025-08-08 04:10:52.699 +0530,787062,,India,,,,,,,,,FALSE,,,,,,,,,,,,,,,,,310gm,56646,2.00,15.00,25.00,10.00,GRAM,,,[],99999,0.00,freshness,,0 months,No Warranty,"https://ik.imagekit.io/t2vt6tx4m/media/compressed-images/WMNBXRL014FEW-XS_WMNBXRL014FEW_0_20250603_055255.jpg, https://ik.imagekit.io/t2vt6tx4m/media/compressed-images/WMNBXRL014FEW-XS_WMNBXRL014FEW_2_20250603_055257.jpg, https://ik.imagekit.io/t2vt6tx4m/media/compressed-images/WMNBXRL014FEW-XS_WMNBXRL014FEW_3_20250603_055257.jpg, https://ik.imagekit.io/t2vt6tx4m/media/compressed-images/WMNBXRL014FEW-XS_WMNBXRL014FEW_4_20250603_055258.jpg, https://ik.imagekit.io/t2vt6tx4m/media/compressed-images/WMNBXRL014FEW-XS_WMNBXRL014FEW_1_20250603_055255.jpg, https://ik.imagekit.io/t2vt6tx4m/media/compressed-images/WMNBXRL014FEW-XS_WMNBXRL014FEW_5_20250603_055314.jpg"
787963,child,Womens Boxy Regular Embroidery Crew Neck Tshirt,Red,XS,ELC88F1731202,WMNBXRL014FEW-XS,Women,https://ik.imagekit.io/t2vt6tx4m/media/compressed-images/WMNBXRL014FEW_XS_WMNBXRL014FEW_sizechart_20250603_082823.png,,504.00,1399.00,25,50,DILLINGER,,,,,,,,,,,,,,,,,,,,,,,,,,,,,,,,,,,,,,,,,,,,,,,,,,,,,,,,,,,,,,,,,,,,"https://ik.imagekit.io/t2vt6tx4m/media/compressed-images/WMNBXRL014FEW-XS_WMNBXRL014FEW_0_20250603_055255.jpg, https://ik.imagekit.io/t2vt6tx4m/media/compressed-images/WMNBXRL014FEW-XS_WMNBXRL014FEW_2_20250603_055257.jpg, https://ik.imagekit.io/t2vt6tx4m/media/compressed-images/WMNBXRL014FEW-XS_WMNBXRL014FEW_3_20250603_055257.jpg, https://ik.imagekit.io/t2vt6tx4m/media/compressed-images/WMNBXRL014FEW-XS_WMNBXRL014FEW_4_20250603_055258.jpg, https://ik.imagekit.io/t2vt6tx4m/media/compressed-images/WMNBXRL014FEW-XS_WMNBXRL014FEW_1_20250603_055255.jpg, https://ik.imagekit.io/t2vt6tx4m/media/compressed-images/WMNBXRL014FEW-XS_WMNBXRL014FEW_5_20250603_055314.jpg"
787964,child,Womens Boxy Regular Embroidery Crew Neck Tshirt,Red,S,ELC88F1731202,WMNBXRL014FEW-S,Women,https://ik.imagekit.io/t2vt6tx4m/media/compressed-images/WMNBXRL014FEW_XS_WMNBXRL014FEW_sizechart_20250603_082823.png,,504.00,1399.00,25,50,DILLINGER,,,,,,,,,,,,,,,,,,,,,,,,,,,,,,,,,,,,,,,,,,,,,,,,,,,,,,,,,,,,,,,,,,,,"https://ik.imagekit.io/t2vt6tx4m/media/compressed-images/WMNBXRL014FEW-XS_WMNBXRL014FEW_0_20250603_055255.jpg, https://ik.imagekit.io/t2vt6tx4m/media/compressed-images/WMNBXRL014FEW-XS_WMNBXRL014FEW_2_20250603_055257.jpg, https://ik.imagekit.io/t2vt6tx4m/media/compressed-images/WMNBXRL014FEW-XS_WMNBXRL014FEW_3_20250603_055257.jpg, https://ik.imagekit.io/t2vt6tx4m/media/compressed-images/WMNBXRL014FEW-XS_WMNBXRL014FEW_4_20250603_055258.jpg, https://ik.imagekit.io/t2vt6tx4m/media/compressed-images/WMNBXRL014FEW-XS_WMNBXRL014FEW_1_20250603_055255.jpg, https://ik.imagekit.io/t2vt6tx4m/media/compressed-images/WMNBXRL014FEW-XS_WMNBXRL014FEW_5_20250603_055314.jpg"
787965,child,Womens Boxy Regular Embroidery Crew Neck Tshirt,Red,M,ELC88F1731202,WMNBXRL014FEW-M,Women,https://ik.imagekit.io/t2vt6tx4m/media/compressed-images/WMNBXRL014FEW_XS_WMNBXRL014FEW_sizechart_20250603_082823.png,,504.00,1399.00,25,50,DILLINGER,,,,,,,,,,,,,,,,,,,,,,,,,,,,,,,,,,,,,,,,,,,,,,,,,,,,,,,,,,,,,,,,,,,,"https://ik.imagekit.io/t2vt6tx4m/media/compressed-images/WMNBXRL014FEW-XS_WMNBXRL014FEW_0_20250603_055255.jpg, https://ik.imagekit.io/t2vt6tx4m/media/compressed-images/WMNBXRL014FEW-XS_WMNBXRL014FEW_2_20250603_055257.jpg, https://ik.imagekit.io/t2vt6tx4m/media/compressed-images/WMNBXRL014FEW-XS_WMNBXRL014FEW_3_20250603_055257.jpg, https://ik.imagekit.io/t2vt6tx4m/media/compressed-images/WMNBXRL014FEW-XS_WMNBXRL014FEW_4_20250603_055258.jpg, https://ik.imagekit.io/t2vt6tx4m/media/compressed-images/WMNBXRL014FEW-XS_WMNBXRL014FEW_1_20250603_055255.jpg, https://ik.imagekit.io/t2vt6tx4m/media/compressed-images/WMNBXRL014FEW-XS_WMNBXRL014FEW_5_20250603_055314.jpg"
787966,child,Womens Boxy Regular Embroidery Crew Neck Tshirt,Red,L,ELC88F1731202,WMNBXRL014FEW-L,Women,https://ik.imagekit.io/t2vt6tx4m/media/compressed-images/WMNBXRL014FEW_XS_WMNBXRL014FEW_sizechart_20250603_082823.png,,504.00,1399.00,25,50,DILLINGER,,,,,,,,,,,,,,,,,,,,,,,,,,,,,,,,,,,,,,,,,,,,,,,,,,,,,,,,,,,,,,,,,,,,"https://ik.imagekit.io/t2vt6tx4m/media/compressed-images/WMNBXRL014FEW-XS_WMNBXRL014FEW_0_20250603_055255.jpg, https://ik.imagekit.io/t2vt6tx4m/media/compressed-images/WMNBXRL014FEW-XS_WMNBXRL014FEW_2_20250603_055257.jpg, https://ik.imagekit.io/t2vt6tx4m/media/compressed-images/WMNBXRL014FEW-XS_WMNBXRL014FEW_3_20250603_055257.jpg, https://ik.imagekit.io/t2vt6tx4m/media/compressed-images/WMNBXRL014FEW-XS_WMNBXRL014FEW_4_20250603_055258.jpg, https://ik.imagekit.io/t2vt6tx4m/media/compressed-images/WMNBXRL014FEW-XS_WMNBXRL014FEW_1_20250603_055255.jpg, https://ik.imagekit.io/t2vt6tx4m/media/compressed-images/WMNBXRL014FEW-XS_WMNBXRL014FEW_5_20250603_055314.jpg"
787967,child,Womens Boxy Regular Embroidery Crew Neck Tshirt,Red,XL,ELC88F1731202,WMNBXRL014FEW-XL,Women,https://ik.imagekit.io/t2vt6tx4m/media/compressed-images/WMNBXRL014FEW_XS_WMNBXRL014FEW_sizechart_20250603_082823.png,,504.00,1399.00,25,50,DILLINGER,,,,,,,,,,,,,,,,,,,,,,,,,,,,,,,,,,,,,,,,,,,,,,,,,,,,,,,,,,,,,,,,,,,,"https://ik.imagekit.io/t2vt6tx4m/media/compressed-images/WMNBXRL014FEW-XS_WMNBXRL014FEW_0_20250603_055255.jpg, https://ik.imagekit.io/t2vt6tx4m/media/compressed-images/WMNBXRL014FEW-XS_WMNBXRL014FEW_2_20250603_055257.jpg, https://ik.imagekit.io/t2vt6tx4m/media/compressed-images/WMNBXRL014FEW-XS_WMNBXRL014FEW_3_20250603_055257.jpg, https://ik.imagekit.io/t2vt6tx4m/media/compressed-images/WMNBXRL014FEW-XS_WMNBXRL014FEW_4_20250603_055258.jpg, https://ik.imagekit.io/t2vt6tx4m/media/compressed-images/WMNBXRL014FEW-XS_WMNBXRL014FEW_1_20250603_055255.jpg, https://ik.imagekit.io/t2vt6tx4m/media/compressed-images/WMNBXRL014FEW-XS_WMNBXRL014FEW_5_20250603_055314.jpg"
792468,standalone,Auto Sight Wi-fi Dash Camera - Grey,,,GIZ_DC01,GIZ_DC01,,https://ik.imagekit.io/t2vt6tx4m/media/,Security,4999.00,4999.00,250,1000,Gizmore,209698,,,Plastic,,,,,,,,,,,,,,,,1N,,2025-06-18 14:00:04.637 +0530,2025-10-03 10:00:10.234 +0530,792468,,China,,,,,,,,,FALSE,,,,,,,,,,,,,,,,,70gm,55196,9.50,5.00,13.00,170.00,gm,Zazz Technology connect pvt ltd,,[],99999,0.00,freshness,,0 months,No Warranty,"https://ik.imagekit.io/t2vt6tx4m/media/compressed-images/fd583657-fb3c-4550-afe3-ef2194a5a831_1_20251003_041659.jpg, https://ik.imagekit.io/t2vt6tx4m/media/compressed-images/c45f7962-ac39-4ed3-a730-7f3bd9754d76_0_20251003_041701.jpg, https://ik.imagekit.io/t2vt6tx4m/media/compressed-images/898b6f3f-ddad-4f27-8914-f00047bddd69_3_20251003_041702.jpg, https://ik.imagekit.io/t2vt6tx4m/media/compressed-images/ca44cdac-d638-4bc9-9335-c6e632c103a2_4_20251003_041702.jpg, https://ik.imagekit.io/t2vt6tx4m/media/compressed-images/3b91b487-1336-421a-a9d6-94fd81f0426c_2_20251003_041705.jpg"
818766,parent,Women's Blue Don't Talk To Me Graphic Printed Relaxed Fit T-shirt,Blue,S,BEWA26F1743818,,Women,https://ik.imagekit.io/t2vt6tx4m/media/compressed-images/1388679_659701_sizechart_20250715_124235.jpg,Graphic Tees,,,,,Bewakoof,215554,,Casual,Cotton Blend,Machine wash,Graphic Print,Relaxed Fit,,Round Neck,Half Sleeve,,,Slip-On,,,,,,,1N,,2025-07-10 16:00:37.589 +0530,2025-07-31 14:00:06.410 +0530,818766,,India,,,,,,,,,FALSE,,,,,,,,,,,,,,,,,200gm,49340,28.00,2.00,36.00,350.00,gm,,,[],99999,0.00,freshness,,0 months,No Warranty,"https://ik.imagekit.io/t2vt6tx4m/media/compressed-images/1388679_659701_0_20250710_092826.jpg, https://ik.imagekit.io/t2vt6tx4m/media/compressed-images/1388679_659701_1_20250710_092832.jpg, https://ik.imagekit.io/t2vt6tx4m/media/compressed-images/1388679_659701_2_20250710_092837.jpg, https://ik.imagekit.io/t2vt6tx4m/media/compressed-images/1388679_659701_3_20250710_092842.jpg, https://ik.imagekit.io/t2vt6tx4m/media/compressed-images/1388679_659701_4_20250710_092847.jpg, https://ik.imagekit.io/t2vt6tx4m/media/compressed-images/1388679_659701_5_20250710_092852.jpg"
821376,child,Women's Blue Don't Talk To Me Graphic Printed Relaxed Fit T-shirt,Blue,XS,BEWA26F1743818,1388678,Women,https://ik.imagekit.io/t2vt6tx4m/media/compressed-images/1388679_659701_sizechart_20250715_124235.jpg,,499.00,1299.00,25,125,Bewakoof,,,,,,,,,,,,,,,,,,,,,,,,,,,,,,,,,,,,,,,,,,,,,,,,,,,,,,,,,,,,,,,,,,,,"https://ik.imagekit.io/t2vt6tx4m/media/compressed-images/1388679_659701_0_20250710_092826.jpg, https://ik.imagekit.io/t2vt6tx4m/media/compressed-images/1388679_659701_1_20250710_092832.jpg, https://ik.imagekit.io/t2vt6tx4m/media/compressed-images/1388679_659701_2_20250710_092837.jpg, https://ik.imagekit.io/t2vt6tx4m/media/compressed-images/1388679_659701_3_20250710_092842.jpg, https://ik.imagekit.io/t2vt6tx4m/media/compressed-images/1388679_659701_4_20250710_092847.jpg, https://ik.imagekit.io/t2vt6tx4m/media/compressed-images/1388679_659701_5_20250710_092852.jpg"
896118,parent,Men's Waffle Polo Plain Maroon T-shirt With Plain Waffle Maroon Shorts Co-ords,Maroon,S,CHAK18F130847,,Men,https://ik.imagekit.io/t2vt6tx4m/media/compressed-images/TI.MRPOLOP36-MRSHORTSS32TRACKSUIT-S_TI.MRPOLOP36-MRSHORTSS32TRACKSUIT_-1_20250903_122120.jpg,Co-ord Sets,,,,,TRIPR,240710,,Casual,Blended Fabric,Regular Machine Wash,Solid/Plain,Comfortable,,Polo Neck,Half Sleeve,,,Drawstring|Zipper,,,,,,,2N,,2025-09-02 16:04:38.378 +0530,2025-10-07 16:41:28.722 +0530,896118,,India,,,,,,,,,FALSE,,,,,,,,,,,,,,,,,480Gm,32707,24.00,7.00,28.00,560.00,g,,,[],99999,0.00,freshness,,0 months,No Warranty,"https://ik.imagekit.io/t2vt6tx4m/media/compressed-images/TI.MRPOLOP36-MRSHORTSS32TRACKSUIT-S_TI.MRPOLOP36-MRSHORTSS32TRACKSUIT_0_20250901_123856.jpg, https://ik.imagekit.io/t2vt6tx4m/media/compressed-images/TI.MRPOLOP36-MRSHORTSS32TRACKSUIT-S_TI.MRPOLOP36-MRSHORTSS32TRACKSUIT_1_20250901_123855.jpg, https://ik.imagekit.io/t2vt6tx4m/media/compressed-images/TI.MRPOLOP36-MRSHORTSS32TRACKSUIT-S_TI.MRPOLOP36-MRSHORTSS32TRACKSUIT_2_20250901_123856.jpg, https://ik.imagekit.io/t2vt6tx4m/media/compressed-images/TI.MRPOLOP36-MRSHORTSS32TRACKSUIT-S_TI.MRPOLOP36-MRSHORTSS32TRACKSUIT_3_20250901_123856.jpg"
897076,child,Men's Waffle Polo Plain Maroon T-shirt With Plain Waffle Maroon Shorts Co-ords,Maroon,S,CHAK18F130847,TI.MRPOLOP36-MRSHORTSS32TRACKSUIT-S,Men,https://ik.imagekit.io/t2vt6tx4m/media/compressed-images/TI.MRPOLOP36-MRSHORTSS32TRACKSUIT-S_TI.MRPOLOP36-MRSHORTSS32TRACKSUIT_-1_20250903_122120.jpg,,1999.00,1999.00,100,200,TRIPR,,,,,,,,,,,,,,,,,,,,,,,,,,,,,,,,,,,,,,,,,,,,,,,,,,,,,,,,,,,,,,,,,,,,"https://ik.imagekit.io/t2vt6tx4m/media/compressed-images/TI.MRPOLOP36-MRSHORTSS32TRACKSUIT-S_TI.MRPOLOP36-MRSHORTSS32TRACKSUIT_0_20250901_123856.jpg, https://ik.imagekit.io/t2vt6tx4m/media/compressed-images/TI.MRPOLOP36-MRSHORTSS32TRACKSUIT-S_TI.MRPOLOP36-MRSHORTSS32TRACKSUIT_1_20250901_123855.jpg, https://ik.imagekit.io/t2vt6tx4m/media/compressed-images/TI.MRPOLOP36-MRSHORTSS32TRACKSUIT-S_TI.MRPOLOP36-MRSHORTSS32TRACKSUIT_2_20250901_123856.jpg, https://ik.imagekit.io/t2vt6tx4m/media/compressed-images/TI.MRPOLOP36-MRSHORTSS32TRACKSUIT-S_TI.MRPOLOP36-MRSHORTSS32TRACKSUIT_3_20250901_123856.jpg"
897086,child,Men's Waffle Polo Plain Maroon T-shirt With Plain Waffle Maroon Shorts Co-ords,Maroon,M,CHAK18F130847,TI.MRPOLOP36-MRSHORTSS32TRACKSUIT-M,Men,https://ik.imagekit.io/t2vt6tx4m/media/compressed-images/TI.MRPOLOP36-MRSHORTSS32TRACKSUIT-S_TI.MRPOLOP36-MRSHORTSS32TRACKSUIT_-1_20250903_122120.jpg,,1999.00,1999.00,100,200,TRIPR,,,,,,,,,,,,,,,,,,,,,,,,,,,,,,,,,,,,,,,,,,,,,,,,,,,,,,,,,,,,,,,,,,,,"https://ik.imagekit.io/t2vt6tx4m/media/compressed-images/TI.MRPOLOP36-MRSHORTSS32TRACKSUIT-S_TI.MRPOLOP36-MRSHORTSS32TRACKSUIT_0_20250901_123856.jpg, https://ik.imagekit.io/t2vt6tx4m/media/compressed-images/TI.MRPOLOP36-MRSHORTSS32TRACKSUIT-S_TI.MRPOLOP36-MRSHORTSS32TRACKSUIT_1_20250901_123855.jpg, https://ik.imagekit.io/t2vt6tx4m/media/compressed-images/TI.MRPOLOP36-MRSHORTSS32TRACKSUIT-S_TI.MRPOLOP36-MRSHORTSS32TRACKSUIT_2_20250901_123856.jpg, https://ik.imagekit.io/t2vt6tx4m/media/compressed-images/TI.MRPOLOP36-MRSHORTSS32TRACKSUIT-S_TI.MRPOLOP36-MRSHORTSS32TRACKSUIT_3_20250901_123856.jpg"
897095,child,Men's Waffle Polo Plain Maroon T-shirt With Plain Waffle Maroon Shorts Co-ords,Maroon,L,CHAK18F130847,TI.MRPOLOP36-MRSHORTSS32TRACKSUIT-L,Men,https://ik.imagekit.io/t2vt6tx4m/media/compressed-images/TI.MRPOLOP36-MRSHORTSS32TRACKSUIT-S_TI.MRPOLOP36-MRSHORTSS32TRACKSUIT_-1_20250903_122120.jpg,,1999.00,1999.00,100,200,TRIPR,,,,,,,,,,,,,,,,,,,,,,,,,,,,,,,,,,,,,,,,,,,,,,,,,,,,,,,,,,,,,,,,,,,,"https://ik.imagekit.io/t2vt6tx4m/media/compressed-images/TI.MRPOLOP36-MRSHORTSS32TRACKSUIT-S_TI.MRPOLOP36-MRSHORTSS32TRACKSUIT_0_20250901_123856.jpg, https://ik.imagekit.io/t2vt6tx4m/media/compressed-images/TI.MRPOLOP36-MRSHORTSS32TRACKSUIT-S_TI.MRPOLOP36-MRSHORTSS32TRACKSUIT_1_20250901_123855.jpg, https://ik.imagekit.io/t2vt6tx4m/media/compressed-images/TI.MRPOLOP36-MRSHORTSS32TRACKSUIT-S_TI.MRPOLOP36-MRSHORTSS32TRACKSUIT_2_20250901_123856.jpg, https://ik.imagekit.io/t2vt6tx4m/media/compressed-images/TI.MRPOLOP36-MRSHORTSS32TRACKSUIT-S_TI.MRPOLOP36-MRSHORTSS32TRACKSUIT_3_20250901_123856.jpg"
897105,child,Men's Waffle Polo Plain Maroon T-shirt With Plain Waffle Maroon Shorts Co-ords,Maroon,XL,CHAK18F130847,TI.MRPOLOP36-MRSHORTSS32TRACKSUIT-XL,Men,https://ik.imagekit.io/t2vt6tx4m/media/compressed-images/TI.MRPOLOP36-MRSHORTSS32TRACKSUIT-S_TI.MRPOLOP36-MRSHORTSS32TRACKSUIT_-1_20250903_122120.jpg,,1999.00,1999.00,100,200,TRIPR,,,,,,,,,,,,,,,,,,,,,,,,,,,,,,,,,,,,,,,,,,,,,,,,,,,,,,,,,,,,,,,,,,,,"https://ik.imagekit.io/t2vt6tx4m/media/compressed-images/TI.MRPOLOP36-MRSHORTSS32TRACKSUIT-S_TI.MRPOLOP36-MRSHORTSS32TRACKSUIT_0_20250901_123856.jpg, https://ik.imagekit.io/t2vt6tx4m/media/compressed-images/TI.MRPOLOP36-MRSHORTSS32TRACKSUIT-S_TI.MRPOLOP36-MRSHORTSS32TRACKSUIT_1_20250901_123855.jpg, https://ik.imagekit.io/t2vt6tx4m/media/compressed-images/TI.MRPOLOP36-MRSHORTSS32TRACKSUIT-S_TI.MRPOLOP36-MRSHORTSS32TRACKSUIT_2_20250901_123856.jpg, https://ik.imagekit.io/t2vt6tx4m/media/compressed-images/TI.MRPOLOP36-MRSHORTSS32TRACKSUIT-S_TI.MRPOLOP36-MRSHORTSS32TRACKSUIT_3_20250901_123856.jpg"
897114,child,Men's Waffle Polo Plain Maroon T-shirt With Plain Waffle Maroon Shorts Co-ords,Maroon,2XL,CHAK18F130847,TI.MRPOLOP36-MRSHORTSS32TRACKSUIT-2XL,Men,https://ik.imagekit.io/t2vt6tx4m/media/compressed-images/TI.MRPOLOP36-MRSHORTSS32TRACKSUIT-S_TI.MRPOLOP36-MRSHORTSS32TRACKSUIT_-1_20250903_122120.jpg,,1999.00,1999.00,100,200,TRIPR,,,,,,,,,,,,,,,,,,,,,,,,,,,,,,,,,,,,,,,,,,,,,,,,,,,,,,,,,,,,,,,,,,,,"https://ik.imagekit.io/t2vt6tx4m/media/compressed-images/TI.MRPOLOP36-MRSHORTSS32TRACKSUIT-S_TI.MRPOLOP36-MRSHORTSS32TRACKSUIT_0_20250901_123856.jpg, https://ik.imagekit.io/t2vt6tx4m/media/compressed-images/TI.MRPOLOP36-MRSHORTSS32TRACKSUIT-S_TI.MRPOLOP36-MRSHORTSS32TRACKSUIT_1_20250901_123855.jpg, https://ik.imagekit.io/t2vt6tx4m/media/compressed-images/TI.MRPOLOP36-MRSHORTSS32TRACKSUIT-S_TI.MRPOLOP36-MRSHORTSS32TRACKSUIT_2_20250901_123856.jpg, https://ik.imagekit.io/t2vt6tx4m/media/compressed-images/TI.MRPOLOP36-MRSHORTSS32TRACKSUIT-S_TI.MRPOLOP36-MRSHORTSS32TRACKSUIT_3_20250901_123856.jpg"
899607,standalone,"Cool Glass Ash Tray: Sleek Design For Ashes With Style 13 X 13 X 3.5 Cm, Pack Of 4",,,Ashtray-A1.4,Ashtray-A1.4,,https://ik.imagekit.io/t2vt6tx4m/media/,Serveware,2497.00,2497.00,125,250,Afast,241686,,,Glass,,,,,,,,,,,,,,,,4N,,2025-09-05 15:30:03.131 +0530,2025-09-11 17:40:29.673 +0530,899607,,,,,,,,,,,FALSE,,,,,,,,,,,,,,,,,1Kg,31731,16.00,12.00,16.00,1.00,kg,,,[],99999,0.00,freshness,,0 months,No Warranty,"https://ik.imagekit.io/t2vt6tx4m/media/compressed-images/Ashtray-A1.4_Ashtray-A1.4_0_20250905_094812.jpg, https://ik.imagekit.io/t2vt6tx4m/media/compressed-images/Ashtray-A1.4_Ashtray-A1.4_2_20250905_094812.jpg, https://ik.imagekit.io/t2vt6tx4m/media/compressed-images/Ashtray-A1.4_Ashtray-A1.4_4_20250905_094812.jpg"
899608,standalone,Cool Glass Ash Tray: Sleek Design For Ashes With Style 10.5 X 10.5 X 3.5 Cm,,,Ashtray-B1,Ashtray-B1,,https://ik.imagekit.io/t2vt6tx4m/media/,Serveware,532.00,532.00,27,53,Afast,241687,,,Glass,,,,,,,,,,,,,,,,1N,,2025-09-05 15:30:03.306 +0530,2025-09-11 17:40:29.744 +0530,899608,,,,,,,,,,,FALSE,,,,,,,,,,,,,,,,,0.25Kg,31730,7.80,2.00,7.80,0.25,kg,,,[],99999,0.00,freshness,,0 months,No Warranty,"https://ik.imagekit.io/t2vt6tx4m/media/compressed-images/Ashtray-B1_Ashtray-B1_0_20250905_094812.jpg, https://ik.imagekit.io/t2vt6tx4m/media/compressed-images/Ashtray-B1_Ashtray-B1_2_20250905_094812.jpg, https://ik.imagekit.io/t2vt6tx4m/media/compressed-images/Ashtray-B1_Ashtray-B1_4_20250905_094812.jpg"
948892,standalone,"Party Perfect Handle Beer Glasses & Mugs: Making Every Moment, Transparent, Clear, Size -13.5 X 12.5 X 9.5 Cm, Pack Of 5, Capacity - 550 Ml",,,E_FNBear-B5,E_FNBear-B5,,https://ik.imagekit.io/t2vt6tx4m/media/,Bar Necessities,4089.00,4089.00,204,409,Afast,251161,,,Glass,,,,,,,,,,,,,,,,5N,,2025-09-08 16:00:46.057 +0530,2025-09-11 17:44:25.621 +0530,948892,,,,,,,,,,,FALSE,,,,,,,,,,,,,,,,,2.25kg,22256,22.00,18.00,24.00,2.75,kg,,,[],99999,0.00,freshness,,0 months,No Warranty,"https://ik.imagekit.io/t2vt6tx4m/media/compressed-images/1583eb6c-d996-4bc9-aaaa-750bd3a8c246_0_20250908_094328.jpg, https://ik.imagekit.io/t2vt6tx4m/media/compressed-images/fd844fcb-e67f-466c-8bfe-9f0c786e6b84_1_20250908_094327.jpg, https://ik.imagekit.io/t2vt6tx4m/media/compressed-images/fb68d957-1834-4cd4-9237-b28422169ad7_2_20250908_094328.jpg, https://ik.imagekit.io/t2vt6tx4m/media/compressed-images/56ea4cb0-548e-4638-b4f6-502790e41142_3_20250908_094327.jpg, https://ik.imagekit.io/t2vt6tx4m/media/compressed-images/11055ae9-58fd-4586-812c-04def47664f3_4_20250908_094328.jpg, https://ik.imagekit.io/t2vt6tx4m/media/compressed-images/2739a294-4b76-46b1-9eb8-27c2f84121a0_5_20250908_094328.jpg, https://ik.imagekit.io/t2vt6tx4m/media/compressed-images/efde2d94-c28d-43e3-b6f2-c208fd1ab515_6_20250908_094328.jpg"
949012,standalone,"Timeless Glass Designs For Every Occasion, 350 Ml, Capacity, Pack Of 6, Size: 12 X 7 X 7 Cm",,,E_FNGlass-S6,E_FNGlass-S6,,https://ik.imagekit.io/t2vt6tx4m/media/,Bar Necessities,1295.00,1295.00,65,130,Afast,251281,,,Glass,,,,,,,,,,,,,,,,6N,,2025-09-08 16:00:57.263 +0530,2025-09-11 17:45:04.738 +0530,949012,,,,,,,,,,,FALSE,,,,,,,,,,,,,,,,,1kg,22136,11.50,13.00,17.50,1.50,kg,,,[],99999,0.00,freshness,,0 months,No Warranty,"https://ik.imagekit.io/t2vt6tx4m/media/compressed-images/074f00cc-83e9-4de5-b3cd-5bf81d96548f_0_20250908_094111.jpg, https://ik.imagekit.io/t2vt6tx4m/media/compressed-images/a88f6d47-04ff-4c35-86f4-c86501353e78_1_20250908_094111.jpg, https://ik.imagekit.io/t2vt6tx4m/media/compressed-images/d7c62b10-d708-4ea2-ba20-af771c79a6be_2_20250908_094112.jpg, https://ik.imagekit.io/t2vt6tx4m/media/compressed-images/20209cc5-e553-4026-93dc-c9822185022c_3_20250908_094112.jpg, https://ik.imagekit.io/t2vt6tx4m/media/compressed-images/391c795d-6dae-40a5-9b06-5c57eb84333f_4_20250908_094112.jpg, https://ik.imagekit.io/t2vt6tx4m/media/compressed-images/8589e163-f760-4350-abe5-edbdeeb08448_5_20250908_094111.jpg, https://ik.imagekit.io/t2vt6tx4m/media/compressed-images/2ad1a49f-c852-4266-83a2-16a4e5fdd1ca_6_20250908_094111.jpg"
949038,standalone,"Timeless Glass Designs For Every Occasion, 300 Ml, Capacity, Pack Of 9, Size: 14 X 7.5 X 7.5 Cm",,,E_GGlass- AB9,E_GGlass- AB9,,https://ik.imagekit.io/t2vt6tx4m/media/,Bar Necessities,2408.00,2408.00,120,241,Afast,251307,,,Glass,,,,,,,,,,,,,,,,9N,,2025-09-08 16:01:02.900 +0530,2025-09-11 17:45:14.349 +0530,949038,,,,,,,,,,,FALSE,,,,,,,,,,,,,,,,,3.75kg,22110,27.00,21.00,31.50,4.25,kg,,,[],99999,0.00,freshness,,0 months,No Warranty,"https://ik.imagekit.io/t2vt6tx4m/media/compressed-images/d9f3b153-ac37-4751-9c4f-b48b2e961bd7_0_20250908_093905.jpg, https://ik.imagekit.io/t2vt6tx4m/media/compressed-images/a4985635-88f7-40a6-b2a4-fc882428f699_1_20250908_093906.jpg, https://ik.imagekit.io/t2vt6tx4m/media/compressed-images/ef94f34d-d94e-476c-95f0-1657816b0d4f_2_20250908_093905.jpg, https://ik.imagekit.io/t2vt6tx4m/media/compressed-images/614d4386-84c6-484b-b9b9-0754d666b29b_3_20250908_093905.jpg, https://ik.imagekit.io/t2vt6tx4m/media/compressed-images/e48d9b2b-8a3b-4ea6-99c9-59e7754b6f45_4_20250908_093905.jpg, https://ik.imagekit.io/t2vt6tx4m/media/compressed-images/e23fe202-e775-4edd-9f94-dff93b1566d2_5_20250908_093905.jpg, https://ik.imagekit.io/t2vt6tx4m/media/compressed-images/95ed901f-3bd1-4ea6-8cdf-c1d2ffa8821b_6_20250908_093906.jpg"
949854,standalone,"Timeless Glass Designs For Every Occasion, 270 Ml, Capacity, Pack Of 12, Size: 7 X 7 X 10 Cm",,,Gl_silvana_I12,Gl_silvana_I12,,https://ik.imagekit.io/t2vt6tx4m/media/,Bar Necessities,2448.00,2448.00,122,245,Afast,252123,,,Glass,,,,,,,,,,,,,,,,12N,,2025-09-08 16:02:23.488 +0530,2025-09-11 17:50:13.468 +0530,949854,,,,,,,,,,,FALSE,,,,,,,,,,,,,,,,,2kg,21294,18.70,13.80,26.00,2.50,kg,,,[],99999,0.00,freshness,,0 months,No Warranty,"https://ik.imagekit.io/t2vt6tx4m/media/compressed-images/e5ec465b-49d3-4781-9966-87e2c8bba234_0_20250908_094334.jpg, https://ik.imagekit.io/t2vt6tx4m/media/compressed-images/a3c9a009-c524-4245-aad4-c583260d9561_1_20250908_094334.jpg, https://ik.imagekit.io/t2vt6tx4m/media/compressed-images/b8281804-583e-45d7-892d-b7bf93775dce_2_20250908_094334.jpg, https://ik.imagekit.io/t2vt6tx4m/media/compressed-images/a4fbc884-6e7f-478f-ac04-bf50c323f4eb_3_20250908_094334.jpg"
949860,standalone,"Celebrate Special Times With Party Perfect Whisky Glasses! Cheers To Fun Moments, Clear, Capacity - 250 Ml, Pack Of 11, Size - 8.5 X 8.5 X 9.5 Cm",,,Gl_solitre whisky - ele626- 1 - B11,Gl_solitre whisky - ele626- 1 - B11,,https://ik.imagekit.io/t2vt6tx4m/media/,Bar Necessities,5763.00,5763.00,288,576,Afast,252129,,,Glass,,,,,,,,,,,,,,,,11N,,2025-09-08 16:02:23.860 +0530,2025-09-11 17:50:13.906 +0530,949860,,,,,,,,,,,FALSE,,,,,,,,,,,,,,,,,3.75kg,21288,26.00,25.00,28.00,4.25,kg,,,[],99999,0.00,freshness,,0 months,No Warranty,"https://ik.imagekit.io/t2vt6tx4m/media/compressed-images/d972ab67-8fb7-45ba-b38b-5c4ed5e237c6_0_20250908_093911.jpg, https://ik.imagekit.io/t2vt6tx4m/media/compressed-images/0d87e4e6-f7d4-476d-82c2-222316615522_1_20250908_093912.jpg, https://ik.imagekit.io/t2vt6tx4m/media/compressed-images/250f4e14-db20-4544-a9e9-248471f32cab_2_20250908_093911.jpg, https://ik.imagekit.io/t2vt6tx4m/media/compressed-images/55f006bd-eb69-4c9b-9a58-cf9a52b3197c_3_20250908_093911.jpg"
950140,standalone,"Timeless Glass Designs For Every Occasion, 200 Ml, Capacity, Pack Of 12, Size: 12 X 6.5 X 6.5 Cm",,,Glass-L12,Glass-L12,,https://ik.imagekit.io/t2vt6tx4m/media/,Bar Necessities,2448.00,2448.00,122,245,Afast,252409,,,Glass,,,,,,,,,,,,,,,,12N,,2025-09-08 16:02:53.232 +0530,2025-09-11 17:51:59.560 +0530,950140,,,,,,,,,,,FALSE,,,,,,,,,,,,,,,,,2kg,21008,18.70,13.80,26.00,2.50,kg,,,[],99999,0.00,freshness,,0 months,No Warranty,"https://ik.imagekit.io/t2vt6tx4m/media/compressed-images/2c799472-cf0d-4de6-9b14-779d557f05ae_0_20250908_094049.jpg, https://ik.imagekit.io/t2vt6tx4m/media/compressed-images/703f072c-67e8-4d20-a738-8de2093f676c_1_20250908_094050.jpg, https://ik.imagekit.io/t2vt6tx4m/media/compressed-images/ee3ebad9-3d97-4e74-81fb-0f041f187668_2_20250908_094050.jpg, https://ik.imagekit.io/t2vt6tx4m/media/compressed-images/ca5d0a28-e472-43bc-9419-a47b6bb96f8b_3_20250908_094049.jpg, https://ik.imagekit.io/t2vt6tx4m/media/compressed-images/0706a16f-841e-4578-b6e2-8292f5e48f23_4_20250908_094050.jpg, https://ik.imagekit.io/t2vt6tx4m/media/compressed-images/70cabab0-e907-4b51-a4fb-8a6541927fda_5_20250908_094049.jpg, https://ik.imagekit.io/t2vt6tx4m/media/compressed-images/9c166cb5-0789-4d7f-b1ed-980899dd135f_6_20250908_094049.jpg"
950618,standalone,"Beautiful Wine Glasses For Memorable Moments, 150 Ml, Capacity, Pack Of 12, Size: 16.5 X 8 X 8 Cm",,,Wine-N12,Wine-N12,,https://ik.imagekit.io/t2vt6tx4m/media/,Bar Necessities,3273.00,3273.00,164,327,Afast,252887,,,Glass,,,,,,,,,,,,,,,,12N,,2025-09-08 16:03:36.693 +0530,2025-09-11 17:54:51.875 +0530,950618,,,,,,,,,,,FALSE,,,,,,,,,,,,,,,,,3.75kg,20530,27.00,21.00,31.50,4.25,kg,,,[],99999,0.00,freshness,,0 months,No Warranty,"https://ik.imagekit.io/t2vt6tx4m/media/compressed-images/173356ce-ee78-4766-bb27-929d5a275336_0_20250908_094303.jpg, https://ik.imagekit.io/t2vt6tx4m/media/compressed-images/4bd41b09-c3e0-41ce-83a6-6325a6bf17d6_1_20250908_094304.jpg, https://ik.imagekit.io/t2vt6tx4m/media/compressed-images/f28b0786-7442-4c93-a7ea-13890694b9fc_2_20250908_094304.jpg, https://ik.imagekit.io/t2vt6tx4m/media/compressed-images/90290fcc-0722-46cd-98ae-2201a15c845d_3_20250908_094303.jpg, https://ik.imagekit.io/t2vt6tx4m/media/compressed-images/ef3da2ac-67bf-4c0f-a585-bc894d3baea7_4_20250908_094304.jpg, https://ik.imagekit.io/t2vt6tx4m/media/compressed-images/cccd25ae-dfc8-4271-b67c-74c9e43337a8_5_20250908_094303.jpg, https://ik.imagekit.io/t2vt6tx4m/media/compressed-images/61101707-b644-4b30-92db-26f2fb175a1e_6_20250908_094303.jpg"
1012775,standalone,Lifestyle Shri Shivay Namastubhayam Wall Hanging For Home Decoration Wall Decor Items (multicolor ),,,WHM44_VIBE,WHM44_VIBE,,https://ik.imagekit.io/t2vt6tx4m/media/,Wall Accents,499.00,499.00,25,100,PRAKRITI,258393,,,Wood,,,,,,,,,,,,,,,,1N,,2025-09-15 01:32:49.406 +0530,2025-09-15 01:32:49.406 +0530,1012775,,,,,,,,,,,FALSE,,,,,,,,,,,,,,,,,0.11 Kg,17884,15.00,2.50,25.00,0.16,kg,,,[],99999,0.00,freshness,,0 months,No Warranty,"https://ik.imagekit.io/t2vt6tx4m/media/compressed-images/39ee6ea2-3d3f-4f30-8d2a-520e1f7bd7c2_0_20250913_054605.jpg, https://ik.imagekit.io/t2vt6tx4m/media/compressed-images/d937ac50-7db9-42cb-9d90-be060c7165de_1_20250913_054605.jpg, https://ik.imagekit.io/t2vt6tx4m/media/compressed-images/e7e4314e-f38b-4077-b965-73b152db7c71_2_20250913_054606.jpg, https://ik.imagekit.io/t2vt6tx4m/media/compressed-images/d61b2424-9692-4f9a-bbbf-f7a50c8b9f42_3_20250913_054605.jpg, https://ik.imagekit.io/t2vt6tx4m/media/compressed-images/880864f2-e585-40af-b9ad-545192aecdd2_4_20250913_054605.jpg"
1038399,parent,Women's Yellow Rayon Blend Bandhani Embroidered Anarkali Kurta Trouser With Dupatta,Yellow,XS,VIVA29FOTH923,,Women,https://ik.imagekit.io/t2vt6tx4m/media/compressed-images/e95a83e0-f7f9-4f47-84f2-4cb22fb2fdb5_-1_20250926_124423.jpg,The Perfect Sets,,,,,AHIKA,263419,,Casual,Rayon Blend,Machine Wash,Bandhani,Regular,,Round Neck,3/4 Sleeve,,,Drawstring,,,,,,,3N,,2025-09-25 14:00:05.714 +0530,2025-09-26 18:21:20.909 +0530,1038399,,India,,,,,,,,,FALSE,,,,,,,,,,,,,,,,,390gm,13341,10.00,2.00,12.00,440.00,g,,,[],99999,0.00,freshness,,0 months,No Warranty,"https://ik.imagekit.io/t2vt6tx4m/media/compressed-images/f4df88d1-26cd-460b-b46f-9914b425d162_0_20250924_180234.jpg, https://ik.imagekit.io/t2vt6tx4m/media/compressed-images/fd1ab90f-59b0-4d46-962a-57943cd1918a_1_20250924_180230.jpg, https://ik.imagekit.io/t2vt6tx4m/media/compressed-images/359d0ae5-3d76-4b3b-9207-5a1e9948f4a0_2_20250924_180230.jpg, https://ik.imagekit.io/t2vt6tx4m/media/compressed-images/1ccc1319-cf25-49d0-b554-e8461a266832_3_20250924_180231.jpg, https://ik.imagekit.io/t2vt6tx4m/media/compressed-images/1ca233de-c488-48ce-a7c2-a308c396c65a_4_20250924_180234.jpg, https://ik.imagekit.io/t2vt6tx4m/media/compressed-images/2d1da240-9939-4098-8550-f1b24f26a663_5_20250924_180230.jpg"
1038753,child,Women's Yellow Rayon Blend Bandhani Embroidered Anarkali Kurta Trouser With Dupatta,Yellow,XS,VIVA29FOTH923,VKSKD1479_XS,Women,https://ik.imagekit.io/t2vt6tx4m/media/compressed-images/e95a83e0-f7f9-4f47-84f2-4cb22fb2fdb5_-1_20250926_124423.jpg,,3999.00,3999.00,200,400,AHIKA,,,,,,,,,,,,,,,,,,,,,,,,,,,,,,,,,,,,,,,,,,,,,,,,,,,,,,,,,,,,,,,,,,,,"https://ik.imagekit.io/t2vt6tx4m/media/compressed-images/f4df88d1-26cd-460b-b46f-9914b425d162_0_20250924_180234.jpg, https://ik.imagekit.io/t2vt6tx4m/media/compressed-images/fd1ab90f-59b0-4d46-962a-57943cd1918a_1_20250924_180230.jpg, https://ik.imagekit.io/t2vt6tx4m/media/compressed-images/359d0ae5-3d76-4b3b-9207-5a1e9948f4a0_2_20250924_180230.jpg, https://ik.imagekit.io/t2vt6tx4m/media/compressed-images/1ccc1319-cf25-49d0-b554-e8461a266832_3_20250924_180231.jpg, https://ik.imagekit.io/t2vt6tx4m/media/compressed-images/1ca233de-c488-48ce-a7c2-a308c396c65a_4_20250924_180234.jpg, https://ik.imagekit.io/t2vt6tx4m/media/compressed-images/2d1da240-9939-4098-8550-f1b24f26a663_5_20250924_180230.jpg"
1038754,child,Women's Yellow Rayon Blend Bandhani Embroidered Anarkali Kurta Trouser With Dupatta,Yellow,S,VIVA29FOTH923,VKSKD1479_S,Women,https://ik.imagekit.io/t2vt6tx4m/media/compressed-images/e95a83e0-f7f9-4f47-84f2-4cb22fb2fdb5_-1_20250926_124423.jpg,,3999.00,3999.00,200,400,AHIKA,,,,,,,,,,,,,,,,,,,,,,,,,,,,,,,,,,,,,,,,,,,,,,,,,,,,,,,,,,,,,,,,,,,,"https://ik.imagekit.io/t2vt6tx4m/media/compressed-images/f4df88d1-26cd-460b-b46f-9914b425d162_0_20250924_180234.jpg, https://ik.imagekit.io/t2vt6tx4m/media/compressed-images/fd1ab90f-59b0-4d46-962a-57943cd1918a_1_20250924_180230.jpg, https://ik.imagekit.io/t2vt6tx4m/media/compressed-images/359d0ae5-3d76-4b3b-9207-5a1e9948f4a0_2_20250924_180230.jpg, https://ik.imagekit.io/t2vt6tx4m/media/compressed-images/1ccc1319-cf25-49d0-b554-e8461a266832_3_20250924_180231.jpg, https://ik.imagekit.io/t2vt6tx4m/media/compressed-images/1ca233de-c488-48ce-a7c2-a308c396c65a_4_20250924_180234.jpg, https://ik.imagekit.io/t2vt6tx4m/media/compressed-images/2d1da240-9939-4098-8550-f1b24f26a663_5_20250924_180230.jpg"
1038758,child,Women's Yellow Rayon Blend Bandhani Embroidered Anarkali Kurta Trouser With Dupatta,Yellow,2XL,VIVA29FOTH923,VKSKD1479_XXL,Women,https://ik.imagekit.io/t2vt6tx4m/media/compressed-images/e95a83e0-f7f9-4f47-84f2-4cb22fb2fdb5_-1_20250926_124423.jpg,,3999.00,3999.00,200,400,AHIKA,,,,,,,,,,,,,,,,,,,,,,,,,,,,,,,,,,,,,,,,,,,,,,,,,,,,,,,,,,,,,,,,,,,,"https://ik.imagekit.io/t2vt6tx4m/media/compressed-images/f4df88d1-26cd-460b-b46f-9914b425d162_0_20250924_180234.jpg, https://ik.imagekit.io/t2vt6tx4m/media/compressed-images/fd1ab90f-59b0-4d46-962a-57943cd1918a_1_20250924_180230.jpg, https://ik.imagekit.io/t2vt6tx4m/media/compressed-images/359d0ae5-3d76-4b3b-9207-5a1e9948f4a0_2_20250924_180230.jpg, https://ik.imagekit.io/t2vt6tx4m/media/compressed-images/1ccc1319-cf25-49d0-b554-e8461a266832_3_20250924_180231.jpg, https://ik.imagekit.io/t2vt6tx4m/media/compressed-images/1ca233de-c488-48ce-a7c2-a308c396c65a_4_20250924_180234.jpg, https://ik.imagekit.io/t2vt6tx4m/media/compressed-images/2d1da240-9939-4098-8550-f1b24f26a663_5_20250924_180230.jpg"
1040453,parent,Men Anya Forger Blue Oversized Graphic T-shirt,Blue,S,KTT100F111742,,Men,https://ik.imagekit.io/t2vt6tx4m/media/compressed-images/706ed56e-faf3-4845-a177-fc17459f9e78_-1_20250925_152747.jpg,Oversized Tees,,,,,Crazymonk,264082,,Casual,Cotton,Machine Wash,Graphic,Oversized,,Round Neck,Half Sleeve,,,Pull-On,,,,,,,1N,,2025-09-25 20:30:40.642 +0530,2025-09-25 21:00:44.288 +0530,1040453,,India,,,,,,,,,FALSE,,,,,,,,,,,,,,,,,200g,12678,20.00,2.00,30.00,300.00,g,,,[],99999,0.00,freshness,,0 months,No Warranty,"https://ik.imagekit.io/t2vt6tx4m/media/compressed-images/4b1ee39c-d4aa-4be8-9e36-5f8db9ff4356_0_20250925_133949.jpg, https://ik.imagekit.io/t2vt6tx4m/media/compressed-images/98549f5f-c7a3-46ec-ae5e-ea9b7951c903_1_20250925_133946.jpg, https://ik.imagekit.io/t2vt6tx4m/media/compressed-images/d4797245-52f4-4a80-8dfd-a8b52b76e3ca_2_20250925_133945.jpg, https://ik.imagekit.io/t2vt6tx4m/media/compressed-images/62aed9b8-7b1a-4374-bd3c-f7aadd91002f_3_20250925_133944.jpg, https://ik.imagekit.io/t2vt6tx4m/media/compressed-images/651f6954-b648-4b41-ab19-ab095ab1d6f4_4_20250925_133945.jpg"
1042590,child,Men Anya Forger Blue Oversized Graphic T-shirt,Blue,S,KTT100F111742,anya-forger-1-ots-t-shirt-sky-blue-small,Men,https://ik.imagekit.io/t2vt6tx4m/media/compressed-images/706ed56e-faf3-4845-a177-fc17459f9e78_-1_20250925_152747.jpg,,999.00,999.00,50,100,Crazymonk,,,,,,,,,,,,,,,,,,,,,,,,,,,,,,,,,,,,,,,,,,,,,,,,,,,,,,,,,,,,,,,,,,,,"https://ik.imagekit.io/t2vt6tx4m/media/compressed-images/4b1ee39c-d4aa-4be8-9e36-5f8db9ff4356_0_20250925_133949.jpg, https://ik.imagekit.io/t2vt6tx4m/media/compressed-images/98549f5f-c7a3-46ec-ae5e-ea9b7951c903_1_20250925_133946.jpg, https://ik.imagekit.io/t2vt6tx4m/media/compressed-images/d4797245-52f4-4a80-8dfd-a8b52b76e3ca_2_20250925_133945.jpg, https://ik.imagekit.io/t2vt6tx4m/media/compressed-images/62aed9b8-7b1a-4374-bd3c-f7aadd91002f_3_20250925_133944.jpg, https://ik.imagekit.io/t2vt6tx4m/media/compressed-images/651f6954-b648-4b41-ab19-ab095ab1d6f4_4_20250925_133945.jpg"
1042591,child,Men Anya Forger Blue Oversized Graphic T-shirt,Blue,M,KTT100F111742,anya-forger-1-ots-t-shirt-sky-blue-medium,Men,https://ik.imagekit.io/t2vt6tx4m/media/compressed-images/706ed56e-faf3-4845-a177-fc17459f9e78_-1_20250925_152747.jpg,,999.00,999.00,50,100,Crazymonk,,,,,,,,,,,,,,,,,,,,,,,,,,,,,,,,,,,,,,,,,,,,,,,,,,,,,,,,,,,,,,,,,,,,"https://ik.imagekit.io/t2vt6tx4m/media/compressed-images/4b1ee39c-d4aa-4be8-9e36-5f8db9ff4356_0_20250925_133949.jpg, https://ik.imagekit.io/t2vt6tx4m/media/compressed-images/98549f5f-c7a3-46ec-ae5e-ea9b7951c903_1_20250925_133946.jpg, https://ik.imagekit.io/t2vt6tx4m/media/compressed-images/d4797245-52f4-4a80-8dfd-a8b52b76e3ca_2_20250925_133945.jpg, https://ik.imagekit.io/t2vt6tx4m/media/compressed-images/62aed9b8-7b1a-4374-bd3c-f7aadd91002f_3_20250925_133944.jpg, https://ik.imagekit.io/t2vt6tx4m/media/compressed-images/651f6954-b648-4b41-ab19-ab095ab1d6f4_4_20250925_133945.jpg"
1042592,child,Men Anya Forger Blue Oversized Graphic T-shirt,Blue,L,KTT100F111742,anya-forger-1-ots-t-shirt-sky-blue-large,Men,https://ik.imagekit.io/t2vt6tx4m/media/compressed-images/706ed56e-faf3-4845-a177-fc17459f9e78_-1_20250925_152747.jpg,,999.00,999.00,50,100,Crazymonk,,,,,,,,,,,,,,,,,,,,,,,,,,,,,,,,,,,,,,,,,,,,,,,,,,,,,,,,,,,,,,,,,,,,"https://ik.imagekit.io/t2vt6tx4m/media/compressed-images/4b1ee39c-d4aa-4be8-9e36-5f8db9ff4356_0_20250925_133949.jpg, https://ik.imagekit.io/t2vt6tx4m/media/compressed-images/98549f5f-c7a3-46ec-ae5e-ea9b7951c903_1_20250925_133946.jpg, https://ik.imagekit.io/t2vt6tx4m/media/compressed-images/d4797245-52f4-4a80-8dfd-a8b52b76e3ca_2_20250925_133945.jpg, https://ik.imagekit.io/t2vt6tx4m/media/compressed-images/62aed9b8-7b1a-4374-bd3c-f7aadd91002f_3_20250925_133944.jpg, https://ik.imagekit.io/t2vt6tx4m/media/compressed-images/651f6954-b648-4b41-ab19-ab095ab1d6f4_4_20250925_133945.jpg"
1042593,child,Men Anya Forger Blue Oversized Graphic T-shirt,Blue,XL,KTT100F111742,anya-forger-1-ots-t-shirt-sky-blue-extra-large,Men,https://ik.imagekit.io/t2vt6tx4m/media/compressed-images/706ed56e-faf3-4845-a177-fc17459f9e78_-1_20250925_152747.jpg,,999.00,999.00,50,100,Crazymonk,,,,,,,,,,,,,,,,,,,,,,,,,,,,,,,,,,,,,,,,,,,,,,,,,,,,,,,,,,,,,,,,,,,,"https://ik.imagekit.io/t2vt6tx4m/media/compressed-images/4b1ee39c-d4aa-4be8-9e36-5f8db9ff4356_0_20250925_133949.jpg, https://ik.imagekit.io/t2vt6tx4m/media/compressed-images/98549f5f-c7a3-46ec-ae5e-ea9b7951c903_1_20250925_133946.jpg, https://ik.imagekit.io/t2vt6tx4m/media/compressed-images/d4797245-52f4-4a80-8dfd-a8b52b76e3ca_2_20250925_133945.jpg, https://ik.imagekit.io/t2vt6tx4m/media/compressed-images/62aed9b8-7b1a-4374-bd3c-f7aadd91002f_3_20250925_133944.jpg, https://ik.imagekit.io/t2vt6tx4m/media/compressed-images/651f6954-b648-4b41-ab19-ab095ab1d6f4_4_20250925_133945.jpg"
1042594,child,Men Anya Forger Blue Oversized Graphic T-shirt,Blue,2XL,KTT100F111742,anya-forger-1-ots-t-shirt-sky-blue-extra-extra-large,Men,https://ik.imagekit.io/t2vt6tx4m/media/compressed-images/706ed56e-faf3-4845-a177-fc17459f9e78_-1_20250925_152747.jpg,,999.00,999.00,50,100,Crazymonk,,,,,,,,,,,,,,,,,,,,,,,,,,,,,,,,,,,,,,,,,,,,,,,,,,,,,,,,,,,,,,,,,,,,"https://ik.imagekit.io/t2vt6tx4m/media/compressed-images/4b1ee39c-d4aa-4be8-9e36-5f8db9ff4356_0_20250925_133949.jpg, https://ik.imagekit.io/t2vt6tx4m/media/compressed-images/98549f5f-c7a3-46ec-ae5e-ea9b7951c903_1_20250925_133946.jpg, https://ik.imagekit.io/t2vt6tx4m/media/compressed-images/d4797245-52f4-4a80-8dfd-a8b52b76e3ca_2_20250925_133945.jpg, https://ik.imagekit.io/t2vt6tx4m/media/compressed-images/62aed9b8-7b1a-4374-bd3c-f7aadd91002f_3_20250925_133944.jpg, https://ik.imagekit.io/t2vt6tx4m/media/compressed-images/651f6954-b648-4b41-ab19-ab095ab1d6f4_4_20250925_133945.jpg"
1044302,standalone,"Eau De Parfum - Eclipse, 100ml",,,4241,4241,,https://ik.imagekit.io/t2vt6tx4m/media/,Luxe Perfumes,1299.00,1299.00,65,130,Aris,264566,,,,,,,,,,,,,,,,,,,,,2025-09-29 20:30:04.382 +0530,2025-09-29 20:30:04.382 +0530,1044302,,India,,,,,,"Hold can upright, 15 cm away from skin and spray on clean underarms.","Alcohol Denat, Fragrance (Parfum), Water/eau (Aqua), Citral, Eugenol, Hydroxy-Citronellal, Benzyl Salicylate, Linalool, Benzyl Benzoate, Citronellol, D-Limonene, Isomethyl Ionone.",,FALSE,,,,,,,,,,,60 Months,,,,Liquid,,100g,12194,12.50,7.50,20.00,200.00,g,,,[],99999,0.00,freshness,,0 months,No Warranty,"https://ik.imagekit.io/t2vt6tx4m/media/compressed-images/6b472f62-dc51-4c5d-8fb0-2220ea175b5c_0_20250929_141404.jpg, https://ik.imagekit.io/t2vt6tx4m/media/compressed-images/4a9c1ecd-a92c-420d-bc7a-36208ad4598c_1_20250929_141406.jpg, https://ik.imagekit.io/t2vt6tx4m/media/compressed-images/96fd0037-94c1-4e8f-9109-d663cf43a49d_2_20250929_141404.jpg, https://ik.imagekit.io/t2vt6tx4m/media/compressed-images/2f96b299-5d79-42ec-b72d-d420cdbbff8d_3_20250929_141406.jpg"
1053248,standalone,Unisex Off White Captain America Embroidered Baseball Cap,,,1394869,1394869,,https://ik.imagekit.io/t2vt6tx4m/media/,Caps,1299.00,1299.00,65,325,Bewakoof,266851,,,Cotton,Cotton,,,,,,,,Adjustable snap,,,,,,,1N,,2025-10-09 13:30:38.702 +0530,2025-10-09 13:30:38.702 +0530,1053248,,India,,,,,,,,,FALSE,,,,,,,,,,,,,,,,,124 g,9909,28.00,3.00,36.00,174.00,g,,,[],99999,0.00,freshness,[],0 months,No Warranty,"https://ik.imagekit.io/t2vt6tx4m/media/compressed-images/16d88d42-97c3-4590-ae82-5e7e58e9499b_0_20251009_074352.jpg, https://ik.imagekit.io/t2vt6tx4m/media/compressed-images/837dd4b6-5cd5-4d22-8742-b5f08a296885_1_20251009_074352.jpg, https://ik.imagekit.io/t2vt6tx4m/media/compressed-images/7be11ede-9ed7-4c84-b48d-96ef8cab0457_2_20251009_074352.jpg, https://ik.imagekit.io/t2vt6tx4m/media/compressed-images/78d95e05-4e43-493c-8c9e-08db430c4c1d_3_20251009_074352.jpg"
1053640,standalone,"Bring Your Own Mug Illustration Printed Ceramic Coffee Mug 350 Ml, White 9.5 X 7.5 X 1 Cm",,,MUG-260,MUG-260,,https://ik.imagekit.io/t2vt6tx4m/media/,Dinnerware,699.00,699.00,35,70,Ethnic Darzi,267170,,,Ceramic,Hand Wash,,,,,,,,,,,,,,,1N,,2025-10-09 18:00:28.920 +0530,2025-11-17 14:04:23.722 +0530,1053640,,India,,,,,,,,,FALSE,,,,,,,,,,,,,,,,,380g,9590,12.50,12.50,12.50,480.00,g,,,[],99999,0.00,freshness,[],0 months,No Warranty,"https://ik.imagekit.io/t2vt6tx4m/media/compressed-images/0d4bbb68-b34a-44c8-b76e-8609e26e5a69_0_20251009_112512.jpg, https://ik.imagekit.io/t2vt6tx4m/media/compressed-images/6a6bb6a2-44fe-4af5-a438-f7ba6e7fe59a_1_20251009_112512.jpg, https://ik.imagekit.io/t2vt6tx4m/media/compressed-images/c571454c-a82d-4313-8ed3-486b6fecc0de_2_20251009_112512.jpg, https://ik.imagekit.io/t2vt6tx4m/media/compressed-images/47e0db19-c64f-4110-b652-3354be1378cf_3_20251009_112512.jpg"
1053733,standalone,I Love You Dad Design Mug 9.5 X 7.5 X 1 Cm,,,MUG84,MUG84,,https://ik.imagekit.io/t2vt6tx4m/media/,Dinnerware,699.00,699.00,35,140,Ethnic Darzi,267263,,,Ceramic,Hand Wash,,,,,,,,,,,,,,,1N,,2025-10-09 18:00:49.725 +0530,2025-11-17 14:05:35.584 +0530,1053733,,India,,,,,,,,,FALSE,,,,,,,,,,,,,,,,,380g,4095,12.50,12.50,12.50,480.00,g,,,[],99999,1.00,sale,[],0 months,No Warranty,"https://ik.imagekit.io/t2vt6tx4m/media/compressed-images/83bc5ca6-688f-44a3-b4df-c74a920236b2_0_20251009_112523.jpg, https://ik.imagekit.io/t2vt6tx4m/media/compressed-images/3a8dafed-dcdf-40b6-9501-da2feda0a78b_1_20251009_112522.jpg, https://ik.imagekit.io/t2vt6tx4m/media/compressed-images/b62cabd2-75c6-4e64-8d40-ac4de4f48687_2_20251009_112522.jpg, https://ik.imagekit.io/t2vt6tx4m/media/compressed-images/561921e1-3ed6-4f71-b66d-52ca8be4eaec_3_20251009_112523.jpg"