order_id,user_id,order_date,num_items,total_amount,popcoins_used,payment_method,order_status,delivery_date,items
ORD00000001,U000001,2025-10-21 17:09:09,4,6531.0,1053,UPI,Delivered,2025-12-06,"[{""product_id"": 787062, ""title"": ""Womens Boxy Regular Embroidery Crew Neck Tshirt"", ""quantity"": 1, ""price"": 500.0, ""popcoins_used"": 0}, {""product_id"": 899608, ""title"": ""Cool Glass Ash Tray: Sleek Design For Ashes With Style 10.5 X 10.5 X 3.5 Cm"", ""quantity"": 1, ""price"": 532.0, ""popcoins_used"": 53}, {""product_id"": 792468, ""title"": ""Auto Sight Wi-fi Dash Camera - Grey"", ""quantity"": 1, ""price"": 4999.0, ""popcoins_used"": 1000}, {""product_id"": 1040453, ""title"": ""Men Anya Forger Blue Oversized Graphic T-shirt"", ""quantity"": 1, ""price"": 500.0, ""popcoins_used"": 0}]"
ORD00000002,U000001,2025-11-07 17:09:09,4,2046.0,175,Net Banking,In Transit,2025-12-08,"[{""product_id"": 1053733, ""title"": ""I Love You Dad Design Mug 9.5 X 7.5 X 1 Cm"", ""quantity"": 1, ""price"": 699.0, ""popcoins_used"": 140}, {""product_id"": 41030, ""title"": ""Roasted & Lightly Salted California Pistachio - 250gm"", ""quantity"": 1, ""price"": 347.0, ""popcoins_used"": 35}, {""product_id"": 787062, ""title"": ""Womens Boxy Regular Embroidery Crew Neck Tshirt"", ""quantity"": 1, ""price"": 500.0, ""popcoins_used"": 0}, {""product_id"": 1038399, ""title"": ""Women's Yellow Rayon Blend Bandhani Embroidered Anarkali Kurta Trouser With Dupatta"", ""quantity"": 1, ""price"": 500.0, ""popcoins_used"": 0}]"
ORD00000003,U000001,2025-10-05 17:09:09,4,4773.0,327,Net Banking,In Transit,2025-12-08,"[{""product_id"": 818766, ""title"": ""Women's Blue Don't Talk To Me Graphic Printed Relaxed Fit T-shirt"", ""quantity"": 1, ""price"": 500.0, ""popcoins_used"": 0}, {""product_id"": 950618, ""title"": ""Beautiful Wine Glasses For Memorable Moments, 150 Ml, Capacity, Pack Of 12, Size: 16.5 X 8 X 8 Cm"", ""quantity"": 1, ""price"": 3273.0, ""popcoins_used"": 327}, {""product_id"": 717137, ""title"": ""Grey Colorblocked Gym Vest For Men"", ""quantity"": 1, ""price"": 500.0, ""popcoins_used"": 0}, {""product_id"": 818766, ""title"": ""Women's Blue Don't Talk To Me Graphic Printed Relaxed Fit T-shirt"", ""quantity"": 1, ""price"": 500.0, ""popcoins_used"": 0}]"
ORD00000004,U000001,2025-10-10 17:09:09,1,500.0,0,Net Banking,Delivered,2025-12-07,"[{""product_id"": 243944, ""title"": ""Men Originals White Block Collar Neck Printed T-shirts"", ""quantity"": 1, ""price"": 500.0, ""popcoins_used"": 0}]"
ORD00000005,U000001,2025-11-13 17:09:09,2,1646.0,165,Net Banking,Processing,2025-12-04,"[{""product_id"": 1044302, ""title"": ""Eau De Parfum - Eclipse, 100ml"", ""quantity"": 1, ""price"": 1299.0, ""popcoins_used"": 130}, {""product_id"": 41030, ""title"": ""Roasted & Lightly Salted California Pistachio - 250gm"", ""quantity"": 1, ""price"": 347.0, ""popcoins_used"": 35}]"
ORD00000006,U000001,2025-11-19 17:09:09,2,4448.0,445,UPI,In Transit,2025-12-07,"[{""product_id"": 612530, ""title"": ""Reed Diffuser Set Elite-essence Fragrance 120ml Glass Bottle, Aromatic Diffuser, Gift Set With 5 Black Fiber Sticks"", ""quantity"": 1, ""price"": 359.0, ""popcoins_used"": 36}, {""product_id"": 948892, ""title"": ""Party Perfect Handle Beer Glasses & Mugs: Making Every Moment, Transparent, Clear, Size -13.5 X 12.5 X 9.5 Cm, Pack Of 5, Capacity - 550 Ml"", ""quantity"": 1, ""price"": 4089.0, ""popcoins_used"": 409}]"
ORD00000007,U000001,2025-09-27 17:09:09,2,4572.0,652,Card,Delivered,2025-12-09,"[{""product_id"": 950618, ""title"": ""Beautiful Wine Glasses For Memorable Moments, 150 Ml, Capacity, Pack Of 12, Size: 16.5 X 8 X 8 Cm"", ""quantity"": 1, ""price"": 3273.0, ""popcoins_used"": 327}, {""product_id"": 1053248, ""title"": ""Unisex Off White Captain America Embroidered Baseball Cap"", ""quantity"": 1, ""price"": 1299.0, ""popcoins_used"": 325}]"
ORD00000008,U000001,2025-10-09 17:09:09,4,8343.0,1285,Card,Processing,2025-12-09,"[{""product_id"": 899607, ""title"": ""Cool Glass Ash Tray: Sleek Design For Ashes With Style 13 X 13 X 3.5 Cm, Pack Of 4"", ""quantity"": 1, ""price"": 2497.0, ""popcoins_used"": 250}, {""product_id"": 41030, ""title"": ""Roasted & Lightly Salted California Pistachio - 250gm"", ""quantity"": 1, ""price"": 347.0, ""popcoins_used"": 35}, {""product_id"": 792468, ""title"": ""Auto Sight Wi-fi Dash Camera - Grey"", ""quantity"": 1, ""price"": 4999.0, ""popcoins_used"": 1000}, {""product_id"": 243944, ""title"": ""Men Originals White Block Collar Neck Printed T-shirts"", ""quantity"": 1, ""price"": 500.0, ""popcoins_used"": 0}]"
ORD00000009,U000001,2025-10-17 17:09:09,3,5356.0,486,Net Banking,Processing,2025-12-05,"[{""product_id"": 949038, ""title"": ""Timeless Glass Designs For Every Occasion, 300 Ml, Capacity, Pack Of 9, Size: 14 X 7.5 X 7.5 Cm"", ""quantity"": 1, ""price"": 2408.0, ""popcoins_used"": 241}, {""product_id"": 818766, ""title"": ""Women's Blue Don't Talk To Me Graphic Printed Relaxed Fit T-shirt"", ""quantity"": 1, ""price"": 500.0, ""popcoins_used"": 0}, {""product_id"": 950140, ""title"": ""Timeless Glass Designs For Every Occasion, 200 Ml, Capacity, Pack Of 12, Size: 12 X 6.5 X 6.5 Cm"", ""quantity"": 1, ""price"": 2448.0, ""popcoins_used"": 245}]"
ORD00000010,U000001,2025-09-07 17:09:09,2,7407.0,1241,UPI,Processing,2025-12-09,"[{""product_id"": 792468, ""title"": ""Auto Sight Wi-fi Dash Camera - Grey"", ""quantity"": 1, ""price"": 4999.0, ""popcoins_used"": 1000}, {""product_id"": 949038, ""title"": ""Timeless Glass Designs For Every Occasion, 300 Ml, Capacity, Pack Of 9, Size: 14 X 7.5 X 7.5 Cm"", ""quantity"": 1, ""price"": 2408.0, ""popcoins_used"": 241}]"
ORD00000011,U000001,2025-10-04 17:09:09,3,5356.0,486,Card,Delivered,2025-12-06,"[{""product_id"": 949038, ""title"": ""Timeless Glass Designs For Every Occasion, 300 Ml, Capacity, Pack Of 9, Size: 14 X 7.5 X 7.5 Cm"", ""quantity"": 1, ""price"": 2408.0, ""popcoins_used"": 241}, {""product_id"": 950140, ""title"": ""Timeless Glass Designs For Every Occasion, 200 Ml, Capacity, Pack Of 12, Size: 12 X 6.5 X 6.5 Cm"", ""quantity"": 1, ""price"": 2448.0, ""popcoins_used"": 245}, {""product_id"": 787062, ""title"": ""Womens Boxy Regular Embroidery Crew Neck Tshirt"", ""quantity"": 1, ""price"": 500.0, ""popcoins_used"": 0}]"
ORD00000012,U000001,2025-10-04 17:09:09,2,2908.0,241,UPI,In Transit,2025-12-07,"[{""product_id"": 496872, ""title"": ""Lavender & Red Cotton Round Neck Half Sleeve Printed Oversized T-shirt - Pack Of 2"", ""quantity"": 1, ""price"": 500.0, ""popcoins_used"": 0}, {""product_id"": 949038, ""title"": ""Timeless Glass Designs For Every Occasion, 300 Ml, Capacity, Pack Of 9, Size: 14 X 7.5 X 7.5 Cm"", ""quantity"": 1, ""price"": 2408.0, ""popcoins_used"": 241}]"
ORD00000013,U000001,2025-11-25 17:09:09,2,1795.0,130,UPI,In Transit,2025-12-09,"[{""product_id"": 428848, ""title"": ""Men's Pink Heathered Korean Oversized Shirt"", ""quantity"": 1, ""price"": 500.0, ""popcoins_used"": 0}, {""product_id"": 949012, ""title"": ""Timeless Glass Designs For Every Occasion, 350 Ml, Capacity, Pack Of 6, Size: 12 X 7 X 7 Cm"", ""quantity"": 1, ""price"": 1295.0, ""popcoins_used"": 130}]"
ORD00000014,U000001,2025-11-21 17:09:09,2,859.0,36,Net Banking,In Transit,2025-12-06,"[{""product_id"": 612530, ""title"": ""Reed Diffuser Set Elite-essence Fragrance 120ml Glass Bottle, Aromatic Diffuser, Gift Set With 5 Black Fiber Sticks"", ""quantity"": 1, ""price"": 359.0, ""popcoins_used"": 36}, {""product_id"": 1038399, ""title"": ""Women's Yellow Rayon Blend Bandhani Embroidered Anarkali Kurta Trouser With Dupatta"", ""quantity"": 1, ""price"": 500.0, ""popcoins_used"": 0}]"
ORD00000015,U000001,2025-09-15 17:09:09,1,500.0,0,Card,Processing,2025-12-05,"[{""product_id"": 134466, ""title"": ""Organic Cotton Stretch Chino In Slate Grey- Slim Fit"", ""quantity"": 1, ""price"": 500.0, ""popcoins_used"": 0}]"
ORD00000016,U000002,2025-10-20 17:09:09,3,6221.0,572,Net Banking,Delivered,2025-12-05,"[{""product_id"": 950618, ""title"": ""Beautiful Wine Glasses For Memorable Moments, 150 Ml, Capacity, Pack Of 12, Size: 16.5 X 8 X 8 Cm"", ""quantity"": 1, ""price"": 3273.0, ""popcoins_used"": 327}, {""product_id"": 949854, ""title"": ""Timeless Glass Designs For Every Occasion, 270 Ml, Capacity, Pack Of 12, Size: 7 X 7 X 10 Cm"", ""quantity"": 1, ""price"": 2448.0, ""popcoins_used"": 245}, {""product_id"": 717137, ""title"": ""Grey Colorblocked Gym Vest For Men"", ""quantity"": 1, ""price"": 500.0, ""popcoins_used"": 0}]"
ORD00000017,U000002,2025-10-10 17:09:09,3,6397.0,1210,Net Banking,Processing,2025-12-06,"[{""product_id"": 792468, ""title"": ""Auto Sight Wi-fi Dash Camera - Grey"", ""quantity"": 1, ""price"": 4999.0, ""popcoins_used"": 1000}, {""product_id"": 1053640, ""title"": ""Bring Your Own Mug Illustration Printed Ceramic Coffee Mug 350 Ml, White 9.5 X 7.5 X 1 Cm"", ""quantity"": 1, ""price"": 699.0, ""popcoins_used"": 70}, {""product_id"": 1053733, ""title"": ""I Love You Dad Design Mug 9.5 X 7.5 X 1 Cm"", ""quantity"": 1, ""price"": 699.0, ""popcoins_used"": 140}]"
ORD00000018,U000002,2025-11-01 17:09:09,3,6244.0,625,Net Banking,Processing,2025-12-09,"[{""product_id"": 950140, ""title"": ""Timeless Glass Designs For Every Occasion, 200 Ml, Capacity, Pack Of 12, Size: 12 X 6.5 X 6.5 Cm"", ""quantity"": 1, ""price"": 2448.0, ""popcoins_used"": 245}, {""product_id"": 1044302, ""title"": ""Eau De Parfum - Eclipse, 100ml"", ""quantity"": 1, ""price"": 1299.0, ""popcoins_used"": 130}, {""product_id"": 899607, ""title"": ""Cool Glass Ash Tray: Sleek Design For Ashes With Style 13 X 13 X 3.5 Cm, Pack Of 4"", ""quantity"": 1, ""price"": 2497.0, ""popcoins_used"": 250}]"
ORD00000019,U000002,2025-11-14 17:09:09,2,6263.0,576,UPI,Processing,2025-12-05,"[{""product_id"": 134472, ""title"": ""Organic Cotton Stretch Chino In Beige- Slim Fit"", ""quantity"": 1, ""price"": 500.0, ""popcoins_used"": 0}, {""product_id"": 949860, ""title"": ""Celebrate Special Times With Party Perfect Whisky Glasses! Cheers To Fun Moments, Clear, Capacity - 250 Ml, Pack Of 11, Size - 8.5 X 8.5 X 9.5 Cm"", ""quantity"": 1, ""price"": 5763.0, ""popcoins_used"": 576}]"
ORD00000020,U000003,2025-11-20 17:09:09,2,6263.0,576,UPI,Processing,2025-12-08,"[{""product_id"": 787062, ""title"": ""Womens Boxy Regular Embroidery Crew Neck Tshirt"", ""quantity"": 1, ""price"": 500.0, ""popcoins_used"": 0}, {""product_id"": 949860, ""title"": ""Celebrate Special Times With Party Perfect Whisky Glasses! Cheers To Fun Moments, Clear, Capacity - 250 Ml, Pack Of 11, Size - 8.5 X 8.5 X 9.5 Cm"", ""quantity"": 1, ""price"": 5763.0, ""popcoins_used"": 576}]"
ORD00000021,U000003,2025-09-19 17:09:09,4,8261.0,846,Net Banking,In Transit,2025-12-10,"[{""product_id"": 818766, ""title"": ""Women's Blue Don't Talk To Me Graphic Printed Relaxed Fit T-shirt"", ""quantity"": 1, ""price"": 500.0, ""popcoins_used"": 0}, {""product_id"": 949860, ""title"": ""Celebrate Special Times With Party Perfect Whisky Glasses! Cheers To Fun Moments, Clear, Capacity - 250 Ml, Pack Of 11, Size - 8.5 X 8.5 X 9.5 Cm"", ""quantity"": 1, ""price"": 5763.0, ""popcoins_used"": 576}, {""product_id"": 1044302, ""title"": ""Eau De Parfum - Eclipse, 100ml"", ""quantity"": 1, ""price"": 1299.0, ""popcoins_used"": 130}, {""product_id"": 1053733, ""title"": ""I Love You Dad Design Mug 9.5 X 7.5 X 1 Cm"", ""quantity"": 1, ""price"": 699.0, ""popcoins_used"": 140}]"
ORD00000022,U000003,2025-11-04 17:09:09,4,2505.0,396,UPI,Delivered,2025-12-10,"[{""product_id"": 612530, ""title"": ""Reed Diffuser Set Elite-essence Fragrance 120ml Glass Bottle, Aromatic Diffuser, Gift Set With 5 Black Fiber Sticks"", ""quantity"": 1, ""price"": 359.0, ""popcoins_used"": 36}, {""product_id"": 496872, ""title"": ""Lavender & Red Cotton Round Neck Half Sleeve Printed Oversized T-shirt - Pack Of 2"", ""quantity"": 1, ""price"": 500.0, ""popcoins_used"": 0}, {""product_id"": 41030, ""title"": ""Roasted & Lightly Salted California Pistachio - 250gm"", ""quantity"": 1, ""price"": 347.0, ""popcoins_used"": 35}, {""product_id"": 1053248, ""title"": ""Unisex Off White Captain America Embroidered Baseball Cap"", ""quantity"": 1, ""price"": 1299.0, ""popcoins_used"": 325}]"
ORD00000023,U000003,2025-10-04 17:09:09,2,1000.0,0,UPI,In Transit,2025-12-04,"[{""product_id"": 428848, ""title"": ""Men's Pink Heathered Korean Oversized Shirt"", ""quantity"": 1, ""price"": 500.0, ""popcoins_used"": 0}, {""product_id"": 496872, ""title"": ""Lavender & Red Cotton Round Neck Half Sleeve Printed Oversized T-shirt - Pack Of 2"", ""quantity"": 1, ""price"": 500.0, ""popcoins_used"": 0}]"
ORD00000024,U000003,2025-09-29 17:09:09,1,500.0,0,Card,In Transit,2025-12-09,"[{""product_id"": 428848, ""title"": ""Men's Pink Heathered Korean Oversized Shirt"", ""quantity"": 1, ""price"": 500.0, ""popcoins_used"": 0}]"
ORD00000025,U000003,2025-11-18 17:09:09,4,9206.0,1371,UPI,Processing,2025-12-07,"[{""product_id"": 818766, ""title"": ""Women's Blue Don't Talk To Me Graphic Printed Relaxed Fit T-shirt"", ""quantity"": 1, ""price"": 500.0, ""popcoins_used"": 0}, {""product_id"": 792468, ""title"": ""Auto Sight Wi-fi Dash Camera - Grey"", ""quantity"": 1, ""price"": 4999.0, ""popcoins_used"": 1000}, {""product_id"": 949038, ""title"": ""Timeless Glass Designs For Every Occasion, 300 Ml, Capacity, Pack Of 9, Size: 14 X 7.5 X 7.5 Cm"", ""quantity"": 1, ""price"": 2408.0, ""popcoins_used"": 241}, {""product_id"": 1044302, ""title"": ""Eau De Parfum - Eclipse, 100ml"", ""quantity"": 1, ""price"": 1299.0, ""popcoins_used"": 130}]"
ORD00000026,U000003,2025-10-19 17:09:09,4,5591.0,510,Card,Processing,2025-12-06,"[{""product_id"": 1044302, ""title"": ""Eau De Parfum - Eclipse, 100ml"", ""quantity"": 1, ""price"": 1299.0, ""popcoins_used"": 130}, {""product_id"": 899607, ""title"": ""Cool Glass Ash Tray: Sleek Design For Ashes With Style 13 X 13 X 3.5 Cm, Pack Of 4"", ""quantity"": 1, ""price"": 2497.0, ""popcoins_used"": 250}, {""product_id"": 1038399, ""title"": ""Women's Yellow Rayon Blend Bandhani Embroidered Anarkali Kurta Trouser With Dupatta"", ""quantity"": 1, ""price"": 500.0, ""popcoins_used"": 0}, {""product_id"": 949012, ""title"": ""Timeless Glass Designs For Every Occasion, 350 Ml, Capacity, Pack Of 6, Size: 12 X 7 X 7 Cm"", ""quantity"": 1, ""price"": 1295.0, ""popcoins_used"": 130}]"
ORD00000027,U000004,2025-11-06 17:09:09,1,2448.0,245,UPI,Processing,2025-12-10,"[{""product_id"": 950140, ""title"": ""Timeless Glass Designs For Every Occasion, 200 Ml, Capacity, Pack Of 12, Size: 12 X 6.5 X 6.5 Cm"", ""quantity"": 1, ""price"": 2448.0, ""popcoins_used"": 245}]"
ORD00000028,U000004,2025-10-09 17:09:09,3,1699.0,70,Net Banking,In Transit,2025-12-07,"[{""product_id"": 1038399, ""title"": ""Women's Yellow Rayon Blend Bandhani Embroidered Anarkali Kurta Trouser With Dupatta"", ""quantity"": 1, ""price"": 500.0, ""popcoins_used"": 0}, {""product_id"": 428848, ""title"": ""Men's Pink Heathered Korean Oversized Shirt"", ""quantity"": 1, ""price"": 500.0, ""popcoins_used"": 0}, {""product_id"": 1053640, ""title"": ""Bring Your Own Mug Illustration Printed Ceramic Coffee Mug 350 Ml, White 9.5 X 7.5 X 1 Cm"", ""quantity"": 1, ""price"": 699.0, ""popcoins_used"": 70}]"
ORD00000029,U000004,2025-10-09 17:09:09,3,3447.0,345,Net Banking,In Transit,2025-12-05,"[{""product_id"": 1012775, ""title"": ""Lifestyle Shri Shivay Namastubhayam Wall Hanging For Home Decoration Wall Decor Items (multicolor )"", ""quantity"": 1, ""price"": 499.0, ""popcoins_used"": 100}, {""product_id"": 243944, ""title"": ""Men Originals White Block Collar Neck Printed T-shirts"", ""quantity"": 1, ""price"": 500.0, ""popcoins_used"": 0}, {""product_id"": 949854, ""title"": ""Timeless Glass Designs For Every Occasion, 270 Ml, Capacity, Pack Of 12, Size: 7 X 7 X 10 Cm"", ""quantity"": 1, ""price"": 2448.0, ""popcoins_used"": 245}]"
ORD00000030,U000004,2025-10-18 17:09:09,1,699.0,140,Card,Processing,2025-12-06,"[{""product_id"": 1053733, ""title"": ""I Love You Dad Design Mug 9.5 X 7.5 X 1 Cm"", ""quantity"": 1, ""price"": 699.0, ""popcoins_used"": 140}]"
ORD00000031,U000004,2025-10-16 17:09:09,4,5614.0,562,Card,Delivered,2025-12-09,"[{""product_id"": 612530, ""title"": ""Reed Diffuser Set Elite-essence Fragrance 120ml Glass Bottle, Aromatic Diffuser, Gift Set With 5 Black Fiber Sticks"", ""quantity"": 1, ""price"": 359.0, ""popcoins_used"": 36}, {""product_id"": 950140, ""title"": ""Timeless Glass Designs For Every Occasion, 200 Ml, Capacity, Pack Of 12, Size: 12 X 6.5 X 6.5 Cm"", ""quantity"": 1, ""price"": 2448.0, ""popcoins_used"": 245}, {""product_id"": 949854, ""title"": ""Timeless Glass Designs For Every Occasion, 270 Ml, Capacity, Pack Of 12, Size: 7 X 7 X 10 Cm"", ""quantity"": 1, ""price"": 2448.0, ""popcoins_used"": 245}, {""product_id"": 612530, ""title"": ""Reed Diffuser Set Elite-essence Fragrance 120ml Glass Bottle, Aromatic Diffuser, Gift Set With 5 Black Fiber Sticks"", ""quantity"": 1, ""price"": 359.0, ""popcoins_used"": 36}]"
ORD00000032,U000004,2025-10-08 17:09:09,1,359.0,36,Card,Processing,2025-12-05,"[{""product_id"": 612530, ""title"": ""Reed Diffuser Set Elite-essence Fragrance 120ml Glass Bottle, Aromatic Diffuser, Gift Set With 5 Black Fiber Sticks"", ""quantity"": 1, ""price"": 359.0, ""popcoins_used"": 36}]"
ORD00000033,U000004,2025-10-25 17:09:09,1,5763.0,576,Card,Delivered,2025-12-06,"[{""product_id"": 949860, ""title"": ""Celebrate Special Times With Party Perfect Whisky Glasses! Cheers To Fun Moments, Clear, Capacity - 250 Ml, Pack Of 11, Size - 8.5 X 8.5 X 9.5 Cm"", ""quantity"": 1, ""price"": 5763.0, ""popcoins_used"": 576}]"
ORD00000034,U000004,2025-10-30 17:09:09,3,5203.0,521,UPI,Processing,2025-12-06,"[{""product_id"": 949038, ""title"": ""Timeless Glass Designs For Every Occasion, 300 Ml, Capacity, Pack Of 9, Size: 14 X 7.5 X 7.5 Cm"", ""quantity"": 1, ""price"": 2408.0, ""popcoins_used"": 241}, {""product_id"": 41030, ""title"": ""Roasted & Lightly Salted California Pistachio - 250gm"", ""quantity"": 1, ""price"": 347.0, ""popcoins_used"": 35}, {""product_id"": 950140, ""title"": ""Timeless Glass Designs For Every Occasion, 200 Ml, Capacity, Pack Of 12, Size: 12 X 6.5 X 6.5 Cm"", ""quantity"": 1, ""price"": 2448.0, ""popcoins_used"": 245}]"
ORD00000035,U000004,2025-11-01 17:09:09,4,3997.0,250,Card,Processing,2025-12-04,"[{""product_id"": 899607, ""title"": ""Cool Glass Ash Tray: Sleek Design For Ashes With Style 13 X 13 X 3.5 Cm, Pack Of 4"", ""quantity"": 1, ""price"": 2497.0, ""popcoins_used"": 250}, {""product_id"": 134466, ""title"": ""Organic Cotton Stretch Chino In Slate Grey- Slim Fit"", ""quantity"": 1, ""price"": 500.0, ""popcoins_used"": 0}, {""product_id"": 1038399, ""title"": ""Women's Yellow Rayon Blend Bandhani Embroidered Anarkali Kurta Trouser With Dupatta"", ""quantity"": 1, ""price"": 500.0, ""popcoins_used"": 0}, {""product_id"": 1038399, ""title"": ""Women's Yellow Rayon Blend Bandhani Embroidered Anarkali Kurta Trouser With Dupatta"", ""quantity"": 1, ""price"": 500.0, ""popcoins_used"": 0}]"
ORD00000036,U000004,2025-10-04 17:09:09,1,699.0,140,Net Banking,Processing,2025-12-07,"[{""product_id"": 1053733, ""title"": ""I Love You Dad Design Mug 9.5 X 7.5 X 1 Cm"", ""quantity"": 1, ""price"": 699.0, ""popcoins_used"": 140}]"
ORD00000037,U000004,2025-09-12 17:09:09,4,2994.0,270,Net Banking,Delivered,2025-12-04,"[{""product_id"": 496872, ""title"": ""Lavender & Red Cotton Round Neck Half Sleeve Printed Oversized T-shirt - Pack Of 2"", ""quantity"": 1, ""price"": 500.0, ""popcoins_used"": 0}, {""product_id"": 949012, ""title"": ""Timeless Glass Designs For Every Occasion, 350 Ml, Capacity, Pack Of 6, Size: 12 X 7 X 7 Cm"", ""quantity"": 1, ""price"": 1295.0, ""popcoins_used"": 130}, {""product_id"": 1040453, ""title"": ""Men Anya Forger Blue Oversized Graphic T-shirt"", ""quantity"": 1, ""price"": 500.0, ""popcoins_used"": 0}, {""product_id"": 1053733, ""title"": ""I Love You Dad Design Mug 9.5 X 7.5 X 1 Cm"", ""quantity"": 1, ""price"": 699.0, ""popcoins_used"": 140}]"
ORD00000038,U000005,2025-11-14 17:09:09,1,2448.0,245,Net Banking,Processing,2025-12-05,"[{""product_id"": 950140, ""title"": ""Timeless Glass Designs For Every Occasion, 200 Ml, Capacity, Pack Of 12, Size: 12 X 6.5 X 6.5 Cm"", ""quantity"": 1, ""price"": 2448.0, ""popcoins_used"": 245}]"
ORD00000039,U000005,2025-11-18 17:09:09,2,1032.0,53,UPI,In Transit,2025-12-09,"[{""product_id"": 134472, ""title"": ""Organic Cotton Stretch Chino In Beige- Slim Fit"", ""quantity"": 1, ""price"": 500.0, ""popcoins_used"": 0}, {""product_id"": 899608, ""title"": ""Cool Glass Ash Tray: Sleek Design For Ashes With Style 10.5 X 10.5 X 3.5 Cm"", ""quantity"": 1, ""price"": 532.0, ""popcoins_used"": 53}]"
ORD00000040,U000005,2025-11-21 17:09:09,1,500.0,0,Net Banking,In Transit,2025-12-10,"[{""product_id"": 818766, ""title"": ""Women's Blue Don't Talk To Me Graphic Printed Relaxed Fit T-shirt"", ""quantity"": 1, ""price"": 500.0, ""popcoins_used"": 0}]"
ORD00000041,U000005,2025-12-01 17:09:09,2,5721.0,572,Card,Processing,2025-12-10,"[{""product_id"": 950618, ""title"": ""Beautiful Wine Glasses For Memorable Moments, 150 Ml, Capacity, Pack Of 12, Size: 16.5 X 8 X 8 Cm"", ""quantity"": 1, ""price"": 3273.0, ""popcoins_used"": 327}, {""product_id"": 950140, ""title"": ""Timeless Glass Designs For Every Occasion, 200 Ml, Capacity, Pack Of 12, Size: 12 X 6.5 X 6.5 Cm"", ""quantity"": 1, ""price"": 2448.0, ""popcoins_used"": 245}]"
ORD00000042,U000005,2025-10-18 17:09:09,3,6763.0,576,Net Banking,Delivered,2025-12-09,"[{""product_id"": 1038399, ""title"": ""Women's Yellow Rayon Blend Bandhani Embroidered Anarkali Kurta Trouser With Dupatta"", ""quantity"": 1, ""price"": 500.0, ""popcoins_used"": 0}, {""product_id"": 496872, ""title"": ""Lavender & Red Cotton Round Neck Half Sleeve Printed Oversized T-shirt - Pack Of 2"", ""quantity"": 1, ""price"": 500.0, ""popcoins_used"": 0}, {""product_id"": 949860, ""title"": ""Celebrate Special Times With Party Perfect Whisky Glasses! Cheers To Fun Moments, Clear, Capacity - 250 Ml, Pack Of 11, Size - 8.5 X 8.5 X 9.5 Cm"", ""quantity"": 1, ""price"": 5763.0, ""popcoins_used"": 576}]"
ORD00000043,U000005,2025-11-26 17:09:09,4,2229.0,323,UPI,Delivered,2025-12-10,"[{""product_id"": 899608, ""title"": ""Cool Glass Ash Tray: Sleek Design For Ashes With Style 10.5 X 10.5 X 3.5 Cm"", ""quantity"": 1, ""price"": 532.0, ""popcoins_used"": 53}, {""product_id"": 1053640, ""title"": ""Bring Your Own Mug Illustration Printed Ceramic Coffee Mug 350 Ml, White 9.5 X 7.5 X 1 Cm"", ""quantity"": 1, ""price"": 699.0, ""popcoins_used"": 70}, {""product_id"": 1012775, ""title"": ""Lifestyle Shri Shivay Namastubhayam Wall Hanging For Home Decoration Wall Decor Items (multicolor )"", ""quantity"": 1, ""price"": 499.0, ""popcoins_used"": 100}, {""product_id"": 1012775, ""title"": ""Lifestyle Shri Shivay Namastubhayam Wall Hanging For Home Decoration Wall Decor Items (multicolor )"", ""quantity"": 1, ""price"": 499.0, ""popcoins_used"": 100}]"
ORD00000044,U000005,2025-11-23 17:09:09,2,1000.0,0,UPI,In Transit,2025-12-04,"[{""product_id"": 1040453, ""title"": ""Men Anya Forger Blue Oversized Graphic T-shirt"", ""quantity"": 1, ""price"": 500.0, ""popcoins_used"": 0}, {""product_id"": 787062, ""title"": ""Womens Boxy Regular Embroidery Crew Neck Tshirt"", ""quantity"": 1, ""price"": 500.0, ""popcoins_used"": 0}]"
ORD00000045,U000005,2025-09-30 17:09:09,3,3307.0,281,Card,Delivered,2025-12-09,"[{""product_id"": 950140, ""title"": ""Timeless Glass Designs For Every Occasion, 200 Ml, Capacity, Pack Of 12, Size: 12 X 6.5 X 6.5 Cm"", ""quantity"": 1, ""price"": 2448.0, ""popcoins_used"": 245}, {""product_id"": 612530, ""title"": ""Reed Diffuser Set Elite-essence Fragrance 120ml Glass Bottle, Aromatic Diffuser, Gift Set With 5 Black Fiber Sticks"", ""quantity"": 1, ""price"": 359.0, ""popcoins_used"": 36}, {""product_id"": 1038399, ""title"": ""Women's Yellow Rayon Blend Bandhani Embroidered Anarkali Kurta Trouser With Dupatta"", ""quantity"": 1, ""price"": 500.0, ""popcoins_used"": 0}]"
ORD00000046,U000006,2025-10-29 17:09:09,1,4999.0,1000,Net Banking,In Transit,2025-12-04,"[{""product_id"": 792468, ""title"": ""Auto Sight Wi-fi Dash Camera - Grey"", ""quantity"": 1, ""price"": 4999.0, ""popcoins_used"": 1000}]"
ORD00000047,U000006,2025-09-05 17:09:09,3,10551.0,1055,UPI,Processing,2025-12-07,"[{""product_id"": 948892, ""title"": ""Party Perfect Handle Beer Glasses & Mugs: Making Every Moment, Transparent, Clear, Size -13.5 X 12.5 X 9.5 Cm, Pack Of 5, Capacity - 550 Ml"", ""quantity"": 1, ""price"": 4089.0, ""popcoins_used"": 409}, {""product_id"": 949860, ""title"": ""Celebrate Special Times With Party Perfect Whisky Glasses! Cheers To Fun Moments, Clear, Capacity - 250 Ml, Pack Of 11, Size - 8.5 X 8.5 X 9.5 Cm"", ""quantity"": 1, ""price"": 5763.0, ""popcoins_used"": 576}, {""product_id"": 1053640, ""title"": ""Bring Your Own Mug Illustration Printed Ceramic Coffee Mug 350 Ml, White 9.5 X 7.5 X 1 Cm"", ""quantity"": 1, ""price"": 699.0, ""popcoins_used"": 70}]"
ORD00000048,U000006,2025-11-22 17:09:09,1,500.0,0,UPI,Processing,2025-12-04,"[{""product_id"": 243944, ""title"": ""Men Originals White Block Collar Neck Printed T-shirts"", ""quantity"": 1, ""price"": 500.0, ""popcoins_used"": 0}]"
ORD00000049,U000006,2025-09-14 17:09:09,2,6263.0,576,UPI,Delivered,2025-12-10,"[{""product_id"": 818766, ""title"": ""Women's Blue Don't Talk To Me Graphic Printed Relaxed Fit T-shirt"", ""quantity"": 1, ""price"": 500.0, ""popcoins_used"": 0}, {""product_id"": 949860, ""title"": ""Celebrate Special Times With Party Perfect Whisky Glasses! Cheers To Fun Moments, Clear, Capacity - 250 Ml, Pack Of 11, Size - 8.5 X 8.5 X 9.5 Cm"", ""quantity"": 1, ""price"": 5763.0, ""popcoins_used"": 576}]"
ORD00000050,U000006,2025-09-13 17:09:09,1,359.0,36,Card,In Transit,2025-12-04,"[{""product_id"": 612530, ""title"": ""Reed Diffuser Set Elite-essence Fragrance 120ml Glass Bottle, Aromatic Diffuser, Gift Set With 5 Black Fiber Sticks"", ""quantity"": 1, ""price"": 359.0, ""popcoins_used"": 36}]"
ORD00000051,U000006,2025-09-07 17:09:09,2,5698.0,1070,Net Banking,Delivered,2025-12-09,"[{""product_id"": 792468, ""title"": ""Auto Sight Wi-fi Dash Camera - Grey"", ""quantity"": 1, ""price"": 4999.0, ""popcoins_used"": 1000}, {""product_id"": 1053640, ""title"": ""Bring Your Own Mug Illustration Printed Ceramic Coffee Mug 350 Ml, White 9.5 X 7.5 X 1 Cm"", ""quantity"": 1, ""price"": 699.0, ""popcoins_used"": 70}]"
ORD00000052,U000006,2025-10-16 17:09:09,2,5499.0,1000,Net Banking,In Transit,2025-12-05,"[{""product_id"": 792468, ""title"": ""Auto Sight Wi-fi Dash Camera - Grey"", ""quantity"": 1, ""price"": 4999.0, ""popcoins_used"": 1000}, {""product_id"": 134466, ""title"": ""Organic Cotton Stretch Chino In Slate Grey- Slim Fit"", ""quantity"": 1, ""price"": 500.0, ""popcoins_used"": 0}]"
ORD00000053,U000006,2025-10-12 17:09:09,3,6763.0,576,UPI,Delivered,2025-12-06,"[{""product_id"": 428848, ""title"": ""Men's Pink Heathered Korean Oversized Shirt"", ""quantity"": 1, ""price"": 500.0, ""popcoins_used"": 0}, {""product_id"": 949860, ""title"": ""Celebrate Special Times With Party Perfect Whisky Glasses! Cheers To Fun Moments, Clear, Capacity - 250 Ml, Pack Of 11, Size - 8.5 X 8.5 X 9.5 Cm"", ""quantity"": 1, ""price"": 5763.0, ""popcoins_used"": 576}, {""product_id"": 818766, ""title"": ""Women's Blue Don't Talk To Me Graphic Printed Relaxed Fit T-shirt"", ""quantity"": 1, ""price"": 500.0, ""popcoins_used"": 0}]"
ORD00000054,U000006,2025-10-31 17:09:09,2,5499.0,1000,Net Banking,In Transit,2025-12-06,"[{""product_id"": 496872, ""title"": ""Lavender & Red Cotton Round Neck Half Sleeve Printed Oversized T-shirt - Pack Of 2"", ""quantity"": 1, ""price"": 500.0, ""popcoins_used"": 0}, {""product_id"": 792468, ""title"": ""Auto Sight Wi-fi Dash Camera - Grey"", ""quantity"": 1, ""price"": 4999.0, ""popcoins_used"": 1000}]"
ORD00000055,U000006,2025-10-19 17:09:09,1,1295.0,130,Net Banking,In Transit,2025-12-06,"[{""product_id"": 949012, ""title"": ""Timeless Glass Designs For Every Occasion, 350 Ml, Capacity, Pack Of 6, Size: 12 X 7 X 7 Cm"", ""quantity"": 1, ""price"": 1295.0, ""popcoins_used"": 130}]"
ORD00000056,U000006,2025-11-12 17:09:09,4,5170.0,567,UPI,Processing,2025-12-07,"[{""product_id"": 1053640, ""title"": ""Bring Your Own Mug Illustration Printed Ceramic Coffee Mug 350 Ml, White 9.5 X 7.5 X 1 Cm"", ""quantity"": 1, ""price"": 699.0, ""popcoins_used"": 70}, {""product_id"": 950618, ""title"": ""Beautiful Wine Glasses For Memorable Moments, 150 Ml, Capacity, Pack Of 12, Size: 16.5 X 8 X 8 Cm"", ""quantity"": 1, ""price"": 3273.0, ""popcoins_used"": 327}, {""product_id"": 1012775, ""title"": ""Lifestyle Shri Shivay Namastubhayam Wall Hanging For Home Decoration Wall Decor Items (multicolor )"", ""quantity"": 1, ""price"": 499.0, ""popcoins_used"": 100}, {""product_id"": 1053640, ""title"": ""Bring Your Own Mug Illustration Printed Ceramic Coffee Mug 350 Ml, White 9.5 X 7.5 X 1 Cm"", ""quantity"": 1, ""price"": 699.0, ""popcoins_used"": 70}]"
ORD00000057,U000006,2025-11-07 17:09:09,2,8211.0,821,Net Banking,In Transit,2025-12-06,"[{""product_id"": 949854, ""title"": ""Timeless Glass Designs For Every Occasion, 270 Ml, Capacity, Pack Of 12, Size: 7 X 7 X 10 Cm"", ""quantity"": 1, ""price"": 2448.0, ""popcoins_used"": 245}, {""product_id"": 949860, ""title"": ""Celebrate Special Times With Party Perfect Whisky Glasses! Cheers To Fun Moments, Clear, Capacity - 250 Ml, Pack Of 11, Size - 8.5 X 8.5 X 9.5 Cm"", ""quantity"": 1, ""price"": 5763.0, ""popcoins_used"": 576}]"
ORD00000058,U000006,2025-09-30 17:09:09,3,1359.0,36,Net Banking,Processing,2025-12-10,"[{""product_id"": 612530, ""title"": ""Reed Diffuser Set Elite-essence Fragrance 120ml Glass Bottle, Aromatic Diffuser, Gift Set With 5 Black Fiber Sticks"", ""quantity"": 1, ""price"": 359.0, ""popcoins_used"": 36}, {""product_id"": 818766, ""title"": ""Women's Blue Don't Talk To Me Graphic Printed Relaxed Fit T-shirt"", ""quantity"": 1, ""price"": 500.0, ""popcoins_used"": 0}, {""product_id"": 1038399, ""title"": ""Women's Yellow Rayon Blend Bandhani Embroidered Anarkali Kurta Trouser With Dupatta"", ""quantity"": 1, ""price"": 500.0, ""popcoins_used"": 0}]"
ORD00000059,U000006,2025-11-07 17:09:09,3,4207.0,371,Card,Delivered,2025-12-07,"[{""product_id"": 134472, ""title"": ""Organic Cotton Stretch Chino In Beige- Slim Fit"", ""quantity"": 1, ""price"": 500.0, ""popcoins_used"": 0}, {""product_id"": 949038, ""title"": ""Timeless Glass Designs For Every Occasion, 300 Ml, Capacity, Pack Of 9, Size: 14 X 7.5 X 7.5 Cm"", ""quantity"": 1, ""price"": 2408.0, ""popcoins_used"": 241}, {""product_id"": 1044302, ""title"": ""Eau De Parfum - Eclipse, 100ml"", ""quantity"": 1, ""price"": 1299.0, ""popcoins_used"": 130}]"
ORD00000060,U000007,2025-09-28 17:09:09,1,500.0,0,Net Banking,Processing,2025-12-05,"[{""product_id"": 243944, ""title"": ""Men Originals White Block Collar Neck Printed T-shirts"", ""quantity"": 1, ""price"": 500.0, ""popcoins_used"": 0}]"
ORD00000061,U000007,2025-10-17 17:09:09,4,10852.0,985,Net Banking,In Transit,2025-12-09,"[{""product_id"": 428848, ""title"": ""Men's Pink Heathered Korean Oversized Shirt"", ""quantity"": 1, ""price"": 500.0, ""popcoins_used"": 0}, {""product_id"": 948892, ""title"": ""Party Perfect Handle Beer Glasses & Mugs: Making Every Moment, Transparent, Clear, Size -13.5 X 12.5 X 9.5 Cm, Pack Of 5, Capacity - 550 Ml"", ""quantity"": 1, ""price"": 4089.0, ""popcoins_used"": 409}, {""product_id"": 949860, ""title"": ""Celebrate Special Times With Party Perfect Whisky Glasses! Cheers To Fun Moments, Clear, Capacity - 250 Ml, Pack Of 11, Size - 8.5 X 8.5 X 9.5 Cm"", ""quantity"": 1, ""price"": 5763.0, ""popcoins_used"": 576}, {""product_id"": 818766, ""title"": ""Women's Blue Don't Talk To Me Graphic Printed Relaxed Fit T-shirt"", ""quantity"": 1, ""price"": 500.0, ""popcoins_used"": 0}]"
ORD00000062,U000007,2025-09-05 17:09:09,1,500.0,0,UPI,Processing,2025-12-06,"[{""product_id"": 818766, ""title"": ""Women's Blue Don't Talk To Me Graphic Printed Relaxed Fit T-shirt"", ""quantity"": 1, ""price"": 500.0, ""popcoins_used"": 0}]"
ORD00000063,U000007,2025-10-11 17:09:09,1,500.0,0,Card,In Transit,2025-12-06,"[{""product_id"": 496872, ""title"": ""Lavender & Red Cotton Round Neck Half Sleeve Printed Oversized T-shirt - Pack Of 2"", ""quantity"": 1, ""price"": 500.0, ""popcoins_used"": 0}]"
ORD00000064,U000007,2025-10-19 17:09:09,1,500.0,0,Card,Delivered,2025-12-07,"[{""product_id"": 496872, ""title"": ""Lavender & Red Cotton Round Neck Half Sleeve Printed Oversized T-shirt - Pack Of 2"", ""quantity"": 1, ""price"": 500.0, ""popcoins_used"": 0}]"
ORD00000065,U000007,2025-10-08 17:09:09,2,1646.0,165,Net Banking,In Transit,2025-12-08,"[{""product_id"": 1044302, ""title"": ""Eau De Parfum - Eclipse, 100ml"", ""quantity"": 1, ""price"": 1299.0, ""popcoins_used"": 130}, {""product_id"": 41030, ""title"": ""Roasted & Lightly Salted California Pistachio - 250gm"", ""quantity"": 1, ""price"": 347.0, ""popcoins_used"": 35}]"
ORD00000066,U000007,2025-11-02 17:09:09,4,4991.0,450,Card,Processing,2025-12-06,"[{""product_id"": 1040453, ""title"": ""Men Anya Forger Blue Oversized Graphic T-shirt"", ""quantity"": 1, ""price"": 500.0, ""popcoins_used"": 0}, {""product_id"": 899607, ""title"": ""Cool Glass Ash Tray: Sleek Design For Ashes With Style 13 X 13 X 3.5 Cm, Pack Of 4"", ""quantity"": 1, ""price"": 2497.0, ""popcoins_used"": 250}, {""product_id"": 949012, ""title"": ""Timeless Glass Designs For Every Occasion, 350 Ml, Capacity, Pack Of 6, Size: 12 X 7 X 7 Cm"", ""quantity"": 1, ""price"": 1295.0, ""popcoins_used"": 130}, {""product_id"": 1053640, ""title"": ""Bring Your Own Mug Illustration Printed Ceramic Coffee Mug 350 Ml, White 9.5 X 7.5 X 1 Cm"", ""quantity"": 1, ""price"": 699.0, ""popcoins_used"": 70}]"
ORD00000067,U000008,2025-10-26 17:09:09,3,4291.0,480,UPI,Delivered,2025-12-10,"[{""product_id"": 949012, ""title"": ""Timeless Glass Designs For Every Occasion, 350 Ml, Capacity, Pack Of 6, Size: 12 X 7 X 7 Cm"", ""quantity"": 1, ""price"": 1295.0, ""popcoins_used"": 130}, {""product_id"": 1012775, ""title"": ""Lifestyle Shri Shivay Namastubhayam Wall Hanging For Home Decoration Wall Decor Items (multicolor )"", ""quantity"": 1, ""price"": 499.0, ""popcoins_used"": 100}, {""product_id"": 899607, ""title"": ""Cool Glass Ash Tray: Sleek Design For Ashes With Style 13 X 13 X 3.5 Cm, Pack Of 4"", ""quantity"": 1, ""price"": 2497.0, ""popcoins_used"": 250}]"
ORD00000068,U000008,2025-10-10 17:09:09,1,532.0,53,Card,Processing,2025-12-07,"[{""product_id"": 899608, ""title"": ""Cool Glass Ash Tray: Sleek Design For Ashes With Style 10.5 X 10.5 X 3.5 Cm"", ""quantity"": 1, ""price"": 532.0, ""popcoins_used"": 53}]"
ORD00000069,U000008,2025-09-29 17:09:09,1,500.0,0,UPI,In Transit,2025-12-08,"[{""product_id"": 496872, ""title"": ""Lavender & Red Cotton Round Neck Half Sleeve Printed Oversized T-shirt - Pack Of 2"", ""quantity"": 1, ""price"": 500.0, ""popcoins_used"": 0}]"
ORD00000070,U000008,2025-11-16 17:09:09,2,7062.0,706,UPI,Processing,2025-12-06,"[{""product_id"": 949860, ""title"": ""Celebrate Special Times With Party Perfect Whisky Glasses! Cheers To Fun Moments, Clear, Capacity - 250 Ml, Pack Of 11, Size - 8.5 X 8.5 X 9.5 Cm"", ""quantity"": 1, ""price"": 5763.0, ""popcoins_used"": 576}, {""product_id"": 1044302, ""title"": ""Eau De Parfum - Eclipse, 100ml"", ""quantity"": 1, ""price"": 1299.0, ""popcoins_used"": 130}]"
ORD00000071,U000008,2025-10-25 17:09:09,1,500.0,0,UPI,In Transit,2025-12-07,"[{""product_id"": 134472, ""title"": ""Organic Cotton Stretch Chino In Beige- Slim Fit"", ""quantity"": 1, ""price"": 500.0, ""popcoins_used"": 0}]"
ORD00000072,U000008,2025-11-15 17:09:09,4,5435.0,544,UPI,Delivered,2025-12-06,"[{""product_id"": 496872, ""title"": ""Lavender & Red Cotton Round Neck Half Sleeve Printed Oversized T-shirt - Pack Of 2"", ""quantity"": 1, ""price"": 500.0, ""popcoins_used"": 0}, {""product_id"": 948892, ""title"": ""Party Perfect Handle Beer Glasses & Mugs: Making Every Moment, Transparent, Clear, Size -13.5 X 12.5 X 9.5 Cm, Pack Of 5, Capacity - 550 Ml"", ""quantity"": 1, ""price"": 4089.0, ""popcoins_used"": 409}, {""product_id"": 41030, ""title"": ""Roasted & Lightly Salted California Pistachio - 250gm"", ""quantity"": 1, ""price"": 347.0, ""popcoins_used"": 35}, {""product_id"": 1012775, ""title"": ""Lifestyle Shri Shivay Namastubhayam Wall Hanging For Home Decoration Wall Decor Items (multicolor )"", ""quantity"": 1, ""price"": 499.0, ""popcoins_used"": 100}]"
ORD00000073,U000008,2025-11-07 17:09:09,3,1500.0,0,Card,Delivered,2025-12-09,"[{""product_id"": 134472, ""title"": ""Organic Cotton Stretch Chino In Beige- Slim Fit"", ""quantity"": 1, ""price"": 500.0, ""popcoins_used"": 0}, {""product_id"": 496872, ""title"": ""Lavender & Red Cotton Round Neck Half Sleeve Printed Oversized T-shirt - Pack Of 2"", ""quantity"": 1, ""price"": 500.0, ""popcoins_used"": 0}, {""product_id"": 717137, ""title"": ""Grey Colorblocked Gym Vest For Men"", ""quantity"": 1, ""price"": 500.0, ""popcoins_used"": 0}]"
ORD00000074,U000008,2025-09-23 17:09:09,2,999.0,100,Card,Delivered,2025-12-07,"[{""product_id"": 428848, ""title"": ""Men's Pink Heathered Korean Oversized Shirt"", ""quantity"": 1, ""price"": 500.0, ""popcoins_used"": 0}, {""product_id"": 1012775, ""title"": ""Lifestyle Shri Shivay Namastubhayam Wall Hanging For Home Decoration Wall Decor Items (multicolor )"", ""quantity"": 1, ""price"": 499.0, ""popcoins_used"": 100}]"
ORD00000075,U000008,2025-10-04 17:09:09,2,1000.0,0,Net Banking,Processing,2025-12-07,"[{""product_id"": 896118, ""title"": ""Men's Waffle Polo Plain Maroon T-shirt With Plain Waffle Maroon Shorts Co-ords"", ""quantity"": 1, ""price"": 500.0, ""popcoins_used"": 0}, {""product_id"": 243944, ""title"": ""Men Originals White Block Collar Neck Printed T-shirts"", ""quantity"": 1, ""price"": 500.0, ""popcoins_used"": 0}]"
ORD00000076,U000008,2025-10-16 17:09:09,2,1794.0,230,Card,Processing,2025-12-05,"[{""product_id"": 949012, ""title"": ""Timeless Glass Designs For Every Occasion, 350 Ml, Capacity, Pack Of 6, Size: 12 X 7 X 7 Cm"", ""quantity"": 1, ""price"": 1295.0, ""popcoins_used"": 130}, {""product_id"": 1012775, ""title"": ""Lifestyle Shri Shivay Namastubhayam Wall Hanging For Home Decoration Wall Decor Items (multicolor )"", ""quantity"": 1, ""price"": 499.0, ""popcoins_used"": 100}]"
ORD00000077,U000008,2025-11-17 17:09:09,1,2497.0,250,Card,Delivered,2025-12-07,"[{""product_id"": 899607, ""title"": ""Cool Glass Ash Tray: Sleek Design For Ashes With Style 13 X 13 X 3.5 Cm, Pack Of 4"", ""quantity"": 1, ""price"": 2497.0, ""popcoins_used"": 250}]"
ORD00000078,U000008,2025-10-10 17:09:09,3,6197.0,1170,Net Banking,In Transit,2025-12-08,"[{""product_id"": 792468, ""title"": ""Auto Sight Wi-fi Dash Camera - Grey"", ""quantity"": 1, ""price"": 4999.0, ""popcoins_used"": 1000}, {""product_id"": 1053640, ""title"": ""Bring Your Own Mug Illustration Printed Ceramic Coffee Mug 350 Ml, White 9.5 X 7.5 X 1 Cm"", ""quantity"": 1, ""price"": 699.0, ""popcoins_used"": 70}, {""product_id"": 1012775, ""title"": ""Lifestyle Shri Shivay Namastubhayam Wall Hanging For Home Decoration Wall Decor Items (multicolor )"", ""quantity"": 1, ""price"": 499.0, ""popcoins_used"": 100}]"
ORD00000079,U000009,2025-09-19 17:09:09,3,2294.0,230,UPI,Delivered,2025-12-08,"[{""product_id"": 949012, ""title"": ""Timeless Glass Designs For Every Occasion, 350 Ml, Capacity, Pack Of 6, Size: 12 X 7 X 7 Cm"", ""quantity"": 1, ""price"": 1295.0, ""popcoins_used"": 130}, {""product_id"": 1012775, ""title"": ""Lifestyle Shri Shivay Namastubhayam Wall Hanging For Home Decoration Wall Decor Items (multicolor )"", ""quantity"": 1, ""price"": 499.0, ""popcoins_used"": 100}, {""product_id"": 1040453, ""title"": ""Men Anya Forger Blue Oversized Graphic T-shirt"", ""quantity"": 1, ""price"": 500.0, ""popcoins_used"": 0}]"
ORD00000080,U000009,2025-10-17 17:09:09,2,1799.0,130,Card,In Transit,2025-12-08,"[{""product_id"": 1044302, ""title"": ""Eau De Parfum - Eclipse, 100ml"", ""quantity"": 1, ""price"": 1299.0, ""popcoins_used"": 130}, {""product_id"": 717137, ""title"": ""Grey Colorblocked Gym Vest For Men"", ""quantity"": 1, ""price"": 500.0, ""popcoins_used"": 0}]"
ORD00000081,U000009,2025-09-18 17:09:09,1,2448.0,245,Card,Delivered,2025-12-09,"[{""product_id"": 950140, ""title"": ""Timeless Glass Designs For Every Occasion, 200 Ml, Capacity, Pack Of 12, Size: 12 X 6.5 X 6.5 Cm"", ""quantity"": 1, ""price"": 2448.0, ""popcoins_used"": 245}]"
ORD00000082,U000009,2025-11-09 17:09:09,2,1795.0,130,UPI,Delivered,2025-12-06,"[{""product_id"": 428848, ""title"": ""Men's Pink Heathered Korean Oversized Shirt"", ""quantity"": 1, ""price"": 500.0, ""popcoins_used"": 0}, {""product_id"": 949012, ""title"": ""Timeless Glass Designs For Every Occasion, 350 Ml, Capacity, Pack Of 6, Size: 12 X 7 X 7 Cm"", ""quantity"": 1, ""price"": 1295.0, ""popcoins_used"": 130}]"
ORD00000083,U000010,2025-10-15 17:09:09,1,500.0,0,Net Banking,Delivered,2025-12-07,"[{""product_id"": 818766, ""title"": ""Women's Blue Don't Talk To Me Graphic Printed Relaxed Fit T-shirt"", ""quantity"": 1, ""price"": 500.0, ""popcoins_used"": 0}]"
ORD00000084,U000010,2025-10-15 17:09:09,2,9998.0,2000,Net Banking,In Transit,2025-12-04,"[{""product_id"": 792468, ""title"": ""Auto Sight Wi-fi Dash Camera - Grey"", ""quantity"": 1, ""price"": 4999.0, ""popcoins_used"": 1000}, {""product_id"": 792468, ""title"": ""Auto Sight Wi-fi Dash Camera - Grey"", ""quantity"": 1, ""price"": 4999.0, ""popcoins_used"": 1000}]"
ORD00000085,U000010,2025-10-14 17:09:09,3,1532.0,53,Net Banking,Processing,2025-12-10,"[{""product_id"": 899608, ""title"": ""Cool Glass Ash Tray: Sleek Design For Ashes With Style 10.5 X 10.5 X 3.5 Cm"", ""quantity"": 1, ""price"": 532.0, ""popcoins_used"": 53}, {""product_id"": 496872, ""title"": ""Lavender & Red Cotton Round Neck Half Sleeve Printed Oversized T-shirt - Pack Of 2"", ""quantity"": 1, ""price"": 500.0, ""popcoins_used"": 0}, {""product_id"": 496872, ""title"": ""Lavender & Red Cotton Round Neck Half Sleeve Printed Oversized T-shirt - Pack Of 2"", ""quantity"": 1, ""price"": 500.0, ""popcoins_used"": 0}]"
ORD00000086,U000010,2025-11-23 17:09:09,1,4089.0,409,Card,Processing,2025-12-09,"[{""product_id"": 948892, ""title"": ""Party Perfect Handle Beer Glasses & Mugs: Making Every Moment, Transparent, Clear, Size -13.5 X 12.5 X 9.5 Cm, Pack Of 5, Capacity - 550 Ml"", ""quantity"": 1, ""price"": 4089.0, ""popcoins_used"": 409}]"
ORD00000087,U000010,2025-10-13 17:09:09,1,3273.0,327,UPI,Delivered,2025-12-06,"[{""product_id"": 950618, ""title"": ""Beautiful Wine Glasses For Memorable Moments, 150 Ml, Capacity, Pack Of 12, Size: 16.5 X 8 X 8 Cm"", ""quantity"": 1, ""price"": 3273.0, ""popcoins_used"": 327}]"
ORD00000088,U000010,2025-10-15 17:09:09,2,8171.0,817,Net Banking,In Transit,2025-12-04,"[{""product_id"": 949860, ""title"": ""Celebrate Special Times With Party Perfect Whisky Glasses! Cheers To Fun Moments, Clear, Capacity - 250 Ml, Pack Of 11, Size - 8.5 X 8.5 X 9.5 Cm"", ""quantity"": 1, ""price"": 5763.0, ""popcoins_used"": 576}, {""product_id"": 949038, ""title"": ""Timeless Glass Designs For Every Occasion, 300 Ml, Capacity, Pack Of 9, Size: 14 X 7.5 X 7.5 Cm"", ""quantity"": 1, ""price"": 2408.0, ""popcoins_used"": 241}]"
ORD00000089,U000010,2025-11-27 17:09:09,4,6801.0,730,Card,In Transit,2025-12-06,"[{""product_id"": 950618, ""title"": ""Beautiful Wine Glasses For Memorable Moments, 150 Ml, Capacity, Pack Of 12, Size: 16.5 X 8 X 8 Cm"", ""quantity"": 1, ""price"": 3273.0, ""popcoins_used"": 327}, {""product_id"": 1012775, ""title"": ""Lifestyle Shri Shivay Namastubhayam Wall Hanging For Home Decoration Wall Decor Items (multicolor )"", ""quantity"": 1, ""price"": 499.0, ""popcoins_used"": 100}, {""product_id"": 899607, ""title"": ""Cool Glass Ash Tray: Sleek Design For Ashes With Style 13 X 13 X 3.5 Cm, Pack Of 4"", ""quantity"": 1, ""price"": 2497.0, ""popcoins_used"": 250}, {""product_id"": 899608, ""title"": ""Cool Glass Ash Tray: Sleek Design For Ashes With Style 10.5 X 10.5 X 3.5 Cm"", ""quantity"": 1, ""price"": 532.0, ""popcoins_used"": 53}]"
ORD00000090,U000010,2025-10-07 17:09:09,1,2448.0,245,Net Banking,In Transit,2025-12-10,"[{""product_id"": 950140, ""title"": ""Timeless Glass Designs For Every Occasion, 200 Ml, Capacity, Pack Of 12, Size: 12 X 6.5 X 6.5 Cm"", ""quantity"": 1, ""price"": 2448.0, ""popcoins_used"": 245}]"
ORD00000091,U000010,2025-10-18 17:09:09,4,4147.0,385,UPI,Delivered,2025-12-07,"[{""product_id"": 1038399, ""title"": ""Women's Yellow Rayon Blend Bandhani Embroidered Anarkali Kurta Trouser With Dupatta"", ""quantity"": 1, ""price"": 500.0, ""popcoins_used"": 0}, {""product_id"": 818766, ""title"": ""Women's Blue Don't Talk To Me Graphic Printed Relaxed Fit T-shirt"", ""quantity"": 1, ""price"": 500.0, ""popcoins_used"": 0}, {""product_id"": 1053733, ""title"": ""I Love You Dad Design Mug 9.5 X 7.5 X 1 Cm"", ""quantity"": 1, ""price"": 699.0, ""popcoins_used"": 140}, {""product_id"": 949854, ""title"": ""Timeless Glass Designs For Every Occasion, 270 Ml, Capacity, Pack Of 12, Size: 7 X 7 X 10 Cm"", ""quantity"": 1, ""price"": 2448.0, ""popcoins_used"": 245}]"
ORD00000092,U000011,2025-12-03 17:09:09,4,2198.0,240,Card,Processing,2025-12-08,"[{""product_id"": 1053733, ""title"": ""I Love You Dad Design Mug 9.5 X 7.5 X 1 Cm"", ""quantity"": 1, ""price"": 699.0, ""popcoins_used"": 140}, {""product_id"": 1012775, ""title"": ""Lifestyle Shri Shivay Namastubhayam Wall Hanging For Home Decoration Wall Decor Items (multicolor )"", ""quantity"": 1, ""price"": 499.0, ""popcoins_used"": 100}, {""product_id"": 134472, ""title"": ""Organic Cotton Stretch Chino In Beige- Slim Fit"", ""quantity"": 1, ""price"": 500.0, ""popcoins_used"": 0}, {""product_id"": 428848, ""title"": ""Men's Pink Heathered Korean Oversized Shirt"", ""quantity"": 1, ""price"": 500.0, ""popcoins_used"": 0}]"
ORD00000093,U000011,2025-09-16 17:09:09,3,3466.0,347,Net Banking,In Transit,2025-12-07,"[{""product_id"": 612530, ""title"": ""Reed Diffuser Set Elite-essence Fragrance 120ml Glass Bottle, Aromatic Diffuser, Gift Set With 5 Black Fiber Sticks"", ""quantity"": 1, ""price"": 359.0, ""popcoins_used"": 36}, {""product_id"": 949038, ""title"": ""Timeless Glass Designs For Every Occasion, 300 Ml, Capacity, Pack Of 9, Size: 14 X 7.5 X 7.5 Cm"", ""quantity"": 1, ""price"": 2408.0, ""popcoins_used"": 241}, {""product_id"": 1053640, ""title"": ""Bring Your Own Mug Illustration Printed Ceramic Coffee Mug 350 Ml, White 9.5 X 7.5 X 1 Cm"", ""quantity"": 1, ""price"": 699.0, ""popcoins_used"": 70}]"
ORD00000094,U000011,2025-10-28 17:09:09,1,4089.0,409,UPI,Delivered,2025-12-10,"[{""product_id"": 948892, ""title"": ""Party Perfect Handle Beer Glasses & Mugs: Making Every Moment, Transparent, Clear, Size -13.5 X 12.5 X 9.5 Cm, Pack Of 5, Capacity - 550 Ml"", ""quantity"": 1, ""price"": 4089.0, ""popcoins_used"": 409}]"
ORD00000095,U000011,2025-09-07 17:09:09,4,7537.0,654,Card,In Transit,2025-12-07,"[{""product_id"": 948892, ""title"": ""Party Perfect Handle Beer Glasses & Mugs: Making Every Moment, Transparent, Clear, Size -13.5 X 12.5 X 9.5 Cm, Pack Of 5, Capacity - 550 Ml"", ""quantity"": 1, ""price"": 4089.0, ""popcoins_used"": 409}, {""product_id"": 896118, ""title"": ""Men's Waffle Polo Plain Maroon T-shirt With Plain Waffle Maroon Shorts Co-ords"", ""quantity"": 1, ""price"": 500.0, ""popcoins_used"": 0}, {""product_id"": 134466, ""title"": ""Organic Cotton Stretch Chino In Slate Grey- Slim Fit"", ""quantity"": 1, ""price"": 500.0, ""popcoins_used"": 0}, {""product_id"": 950140, ""title"": ""Timeless Glass Designs For Every Occasion, 200 Ml, Capacity, Pack Of 12, Size: 12 X 6.5 X 6.5 Cm"", ""quantity"": 1, ""price"": 2448.0, ""popcoins_used"": 245}]"
ORD00000096,U000011,2025-11-30 17:09:09,3,6797.0,1230,Net Banking,In Transit,2025-12-05,"[{""product_id"": 1012775, ""title"": ""Lifestyle Shri Shivay Namastubhayam Wall Hanging For Home Decoration Wall Decor Items (multicolor )"", ""quantity"": 1, ""price"": 499.0, ""popcoins_used"": 100}, {""product_id"": 792468, ""title"": ""Auto Sight Wi-fi Dash Camera - Grey"", ""quantity"": 1, ""price"": 4999.0, ""popcoins_used"": 1000}, {""product_id"": 1044302, ""title"": ""Eau De Parfum - Eclipse, 100ml"", ""quantity"": 1, ""price"": 1299.0, ""popcoins_used"": 130}]"
ORD00000097,U000011,2025-10-07 17:09:09,3,1379.0,88,Card,In Transit,2025-12-09,"[{""product_id"": 896118, ""title"": ""Men's Waffle Polo Plain Maroon T-shirt With Plain Waffle Maroon Shorts Co-ords"", ""quantity"": 1, ""price"": 500.0, ""popcoins_used"": 0}, {""product_id"": 899608, ""title"": ""Cool Glass Ash Tray: Sleek Design For Ashes With Style 10.5 X 10.5 X 3.5 Cm"", ""quantity"": 1, ""price"": 532.0, ""popcoins_used"": 53}, {""product_id"": 41030, ""title"": ""Roasted & Lightly Salted California Pistachio - 250gm"", ""quantity"": 1, ""price"": 347.0, ""popcoins_used"": 35}]"
ORD00000098,U000011,2025-11-19 17:09:09,1,2448.0,245,Card,Processing,2025-12-04,"[{""product_id"": 950140, ""title"": ""Timeless Glass Designs For Every Occasion, 200 Ml, Capacity, Pack Of 12, Size: 12 X 6.5 X 6.5 Cm"", ""quantity"": 1, ""price"": 2448.0, ""popcoins_used"": 245}]"
ORD00000099,U000011,2025-11-21 17:09:09,4,3948.0,245,UPI,Processing,2025-12-05,"[{""product_id"": 717137, ""title"": ""Grey Colorblocked Gym Vest For Men"", ""quantity"": 1, ""price"": 500.0, ""popcoins_used"": 0}, {""product_id"": 496872, ""title"": ""Lavender & Red Cotton Round Neck Half Sleeve Printed Oversized T-shirt - Pack Of 2"", ""quantity"": 1, ""price"": 500.0, ""popcoins_used"": 0}, {""product_id"": 134472, ""title"": ""Organic Cotton Stretch Chino In Beige- Slim Fit"", ""quantity"": 1, ""price"": 500.0, ""popcoins_used"": 0}, {""product_id"": 949854, ""title"": ""Timeless Glass Designs For Every Occasion, 270 Ml, Capacity, Pack Of 12, Size: 7 X 7 X 10 Cm"", ""quantity"": 1, ""price"": 2448.0, ""popcoins_used"": 245}]"
ORD00000100,U000011,2025-09-06 17:09:09,4,5621.0,462,Net Banking,Delivered,2025-12-10,"[{""product_id"": 899608, ""title"": ""Cool Glass Ash Tray: Sleek Design For Ashes With Style 10.5 X 10.5 X 3.5 Cm"", ""quantity"": 1, ""price"": 532.0, ""popcoins_used"": 53}, {""product_id"": 787062, ""title"": ""Womens Boxy Regular Embroidery Crew Neck Tshirt"", ""quantity"": 1, ""price"": 500.0, ""popcoins_used"": 0}, {""product_id"": 896118, ""title"": ""Men's Waffle Polo Plain Maroon T-shirt With Plain Waffle Maroon Shorts Co-ords"", ""quantity"": 1, ""price"": 500.0, ""popcoins_used"": 0}, {""product_id"": 948892, ""title"": ""Party Perfect Handle Beer Glasses & Mugs: Making Every Moment, Transparent, Clear, Size -13.5 X 12.5 X 9.5 Cm, Pack Of 5, Capacity - 550 Ml"", ""quantity"": 1, ""price"": 4089.0, ""popcoins_used"": 409}]"
ORD00000101,U000011,2025-11-29 17:09:09,4,2000.0,0,UPI,Processing,2025-12-09,"[{""product_id"": 134466, ""title"": ""Organic Cotton Stretch Chino In Slate Grey- Slim Fit"", ""quantity"": 1, ""price"": 500.0, ""popcoins_used"": 0}, {""product_id"": 134472, ""title"": ""Organic Cotton Stretch Chino In Beige- Slim Fit"", ""quantity"": 1, ""price"": 500.0, ""popcoins_used"": 0}, {""product_id"": 818766, ""title"": ""Women's Blue Don't Talk To Me Graphic Printed Relaxed Fit T-shirt"", ""quantity"": 1, ""price"": 500.0, ""popcoins_used"": 0}, {""product_id"": 896118, ""title"": ""Men's Waffle Polo Plain Maroon T-shirt With Plain Waffle Maroon Shorts Co-ords"", ""quantity"": 1, ""price"": 500.0, ""popcoins_used"": 0}]"
ORD00000102,U000011,2025-09-29 17:09:09,1,2497.0,250,Net Banking,Delivered,2025-12-06,"[{""product_id"": 899607, ""title"": ""Cool Glass Ash Tray: Sleek Design For Ashes With Style 13 X 13 X 3.5 Cm, Pack Of 4"", ""quantity"": 1, ""price"": 2497.0, ""popcoins_used"": 250}]"
ORD00000103,U000012,2025-11-10 17:09:09,3,3376.0,338,Net Banking,In Transit,2025-12-09,"[{""product_id"": 899608, ""title"": ""Cool Glass Ash Tray: Sleek Design For Ashes With Style 10.5 X 10.5 X 3.5 Cm"", ""quantity"": 1, ""price"": 532.0, ""popcoins_used"": 53}, {""product_id"": 899607, ""title"": ""Cool Glass Ash Tray: Sleek Design For Ashes With Style 13 X 13 X 3.5 Cm, Pack Of 4"", ""quantity"": 1, ""price"": 2497.0, ""popcoins_used"": 250}, {""product_id"": 41030, ""title"": ""Roasted & Lightly Salted California Pistachio - 250gm"", ""quantity"": 1, ""price"": 347.0, ""popcoins_used"": 35}]"
ORD00000104,U000012,2025-10-09 17:09:09,1,699.0,70,UPI,Delivered,2025-12-08,"[{""product_id"": 1053640, ""title"": ""Bring Your Own Mug Illustration Printed Ceramic Coffee Mug 350 Ml, White 9.5 X 7.5 X 1 Cm"", ""quantity"": 1, ""price"": 699.0, ""popcoins_used"": 70}]"
ORD00000105,U000012,2025-09-25 17:09:09,3,9855.0,1486,UPI,Processing,2025-12-10,"[{""product_id"": 792468, ""title"": ""Auto Sight Wi-fi Dash Camera - Grey"", ""quantity"": 1, ""price"": 4999.0, ""popcoins_used"": 1000}, {""product_id"": 950140, ""title"": ""Timeless Glass Designs For Every Occasion, 200 Ml, Capacity, Pack Of 12, Size: 12 X 6.5 X 6.5 Cm"", ""quantity"": 1, ""price"": 2448.0, ""popcoins_used"": 245}, {""product_id"": 949038, ""title"": ""Timeless Glass Designs For Every Occasion, 300 Ml, Capacity, Pack Of 9, Size: 14 X 7.5 X 7.5 Cm"", ""quantity"": 1, ""price"": 2408.0, ""popcoins_used"": 241}]"
ORD00000106,U000012,2025-09-21 17:09:09,1,500.0,0,Card,Delivered,2025-12-10,"[{""product_id"": 896118, ""title"": ""Men's Waffle Polo Plain Maroon T-shirt With Plain Waffle Maroon Shorts Co-ords"", ""quantity"": 1, ""price"": 500.0, ""popcoins_used"": 0}]"
ORD00000107,U000012,2025-11-10 17:09:09,4,2799.0,130,Card,Processing,2025-12-09,"[{""product_id"": 787062, ""title"": ""Womens Boxy Regular Embroidery Crew Neck Tshirt"", ""quantity"": 1, ""price"": 500.0, ""popcoins_used"": 0}, {""product_id"": 1040453, ""title"": ""Men Anya Forger Blue Oversized Graphic T-shirt"", ""quantity"": 1, ""price"": 500.0, ""popcoins_used"": 0}, {""product_id"": 1038399, ""title"": ""Women's Yellow Rayon Blend Bandhani Embroidered Anarkali Kurta Trouser With Dupatta"", ""quantity"": 1, ""price"": 500.0, ""popcoins_used"": 0}, {""product_id"": 1044302, ""title"": ""Eau De Parfum - Eclipse, 100ml"", ""quantity"": 1, ""price"": 1299.0, ""popcoins_used"": 130}]"
ORD00000108,U000012,2025-10-13 17:09:09,1,2448.0,245,UPI,Processing,2025-12-06,"[{""product_id"": 950140, ""title"": ""Timeless Glass Designs For Every Occasion, 200 Ml, Capacity, Pack Of 12, Size: 12 X 6.5 X 6.5 Cm"", ""quantity"": 1, ""price"": 2448.0, ""popcoins_used"": 245}]"
ORD00000109,U000012,2025-12-01 17:09:09,3,1238.0,124,Card,Processing,2025-12-05,"[{""product_id"": 41030, ""title"": ""Roasted & Lightly Salted California Pistachio - 250gm"", ""quantity"": 1, ""price"": 347.0, ""popcoins_used"": 35}, {""product_id"": 899608, ""title"": ""Cool Glass Ash Tray: Sleek Design For Ashes With Style 10.5 X 10.5 X 3.5 Cm"", ""quantity"": 1, ""price"": 532.0, ""popcoins_used"": 53}, {""product_id"": 612530, ""title"": ""Reed Diffuser Set Elite-essence Fragrance 120ml Glass Bottle, Aromatic Diffuser, Gift Set With 5 Black Fiber Sticks"", ""quantity"": 1, ""price"": 359.0, ""popcoins_used"": 36}]"
ORD00000110,U000012,2025-09-13 17:09:09,3,7037.0,654,Card,Delivered,2025-12-05,"[{""product_id"": 787062, ""title"": ""Womens Boxy Regular Embroidery Crew Neck Tshirt"", ""quantity"": 1, ""price"": 500.0, ""popcoins_used"": 0}, {""product_id"": 948892, ""title"": ""Party Perfect Handle Beer Glasses & Mugs: Making Every Moment, Transparent, Clear, Size -13.5 X 12.5 X 9.5 Cm, Pack Of 5, Capacity - 550 Ml"", ""quantity"": 1, ""price"": 4089.0, ""popcoins_used"": 409}, {""product_id"": 950140, ""title"": ""Timeless Glass Designs For Every Occasion, 200 Ml, Capacity, Pack Of 12, Size: 12 X 6.5 X 6.5 Cm"", ""quantity"": 1, ""price"": 2448.0, ""popcoins_used"": 245}]"
ORD00000111,U000012,2025-10-23 17:09:09,2,847.0,35,UPI,Delivered,2025-12-08,"[{""product_id"": 41030, ""title"": ""Roasted & Lightly Salted California Pistachio - 250gm"", ""quantity"": 1, ""price"": 347.0, ""popcoins_used"": 35}, {""product_id"": 1038399, ""title"": ""Women's Yellow Rayon Blend Bandhani Embroidered Anarkali Kurta Trouser With Dupatta"", ""quantity"": 1, ""price"": 500.0, ""popcoins_used"": 0}]"
ORD00000112,U000012,2025-10-06 17:09:09,3,3448.0,245,Net Banking,In Transit,2025-12-09,"[{""product_id"": 1040453, ""title"": ""Men Anya Forger Blue Oversized Graphic T-shirt"", ""quantity"": 1, ""price"": 500.0, ""popcoins_used"": 0}, {""product_id"": 1038399, ""title"": ""Women's Yellow Rayon Blend Bandhani Embroidered Anarkali Kurta Trouser With Dupatta"", ""quantity"": 1, ""price"": 500.0, ""popcoins_used"": 0}, {""product_id"": 950140, ""title"": ""Timeless Glass Designs For Every Occasion, 200 Ml, Capacity, Pack Of 12, Size: 12 X 6.5 X 6.5 Cm"", ""quantity"": 1, ""price"": 2448.0, ""popcoins_used"": 245}]"
ORD00000113,U000012,2025-09-23 17:09:09,3,6240.0,625,UPI,In Transit,2025-12-06,"[{""product_id"": 949854, ""title"": ""Timeless Glass Designs For Every Occasion, 270 Ml, Capacity, Pack Of 12, Size: 7 X 7 X 10 Cm"", ""quantity"": 1, ""price"": 2448.0, ""popcoins_used"": 245}, {""product_id"": 899607, ""title"": ""Cool Glass Ash Tray: Sleek Design For Ashes With Style 13 X 13 X 3.5 Cm, Pack Of 4"", ""quantity"": 1, ""price"": 2497.0, ""popcoins_used"": 250}, {""product_id"": 949012, ""title"": ""Timeless Glass Designs For Every Occasion, 350 Ml, Capacity, Pack Of 6, Size: 12 X 7 X 7 Cm"", ""quantity"": 1, ""price"": 1295.0, ""popcoins_used"": 130}]"
ORD00000114,U000012,2025-11-14 17:09:09,3,5288.0,479,Card,Processing,2025-12-07,"[{""product_id"": 896118, ""title"": ""Men's Waffle Polo Plain Maroon T-shirt With Plain Waffle Maroon Shorts Co-ords"", ""quantity"": 1, ""price"": 500.0, ""popcoins_used"": 0}, {""product_id"": 1053640, ""title"": ""Bring Your Own Mug Illustration Printed Ceramic Coffee Mug 350 Ml, White 9.5 X 7.5 X 1 Cm"", ""quantity"": 1, ""price"": 699.0, ""popcoins_used"": 70}, {""product_id"": 948892, ""title"": ""Party Perfect Handle Beer Glasses & Mugs: Making Every Moment, Transparent, Clear, Size -13.5 X 12.5 X 9.5 Cm, Pack Of 5, Capacity - 550 Ml"", ""quantity"": 1, ""price"": 4089.0, ""popcoins_used"": 409}]"
ORD00000115,U000012,2025-11-12 17:09:09,2,2948.0,245,Net Banking,In Transit,2025-12-06,"[{""product_id"": 949854, ""title"": ""Timeless Glass Designs For Every Occasion, 270 Ml, Capacity, Pack Of 12, Size: 7 X 7 X 10 Cm"", ""quantity"": 1, ""price"": 2448.0, ""popcoins_used"": 245}, {""product_id"": 1038399, ""title"": ""Women's Yellow Rayon Blend Bandhani Embroidered Anarkali Kurta Trouser With Dupatta"", ""quantity"": 1, ""price"": 500.0, ""popcoins_used"": 0}]"
ORD00000116,U000013,2025-09-21 17:09:09,1,499.0,100,UPI,Processing,2025-12-07,"[{""product_id"": 1012775, ""title"": ""Lifestyle Shri Shivay Namastubhayam Wall Hanging For Home Decoration Wall Decor Items (multicolor )"", ""quantity"": 1, ""price"": 499.0, ""popcoins_used"": 100}]"
ORD00000117,U000013,2025-09-27 17:09:09,3,1359.0,36,Card,In Transit,2025-12-06,"[{""product_id"": 134472, ""title"": ""Organic Cotton Stretch Chino In Beige- Slim Fit"", ""quantity"": 1, ""price"": 500.0, ""popcoins_used"": 0}, {""product_id"": 612530, ""title"": ""Reed Diffuser Set Elite-essence Fragrance 120ml Glass Bottle, Aromatic Diffuser, Gift Set With 5 Black Fiber Sticks"", ""quantity"": 1, ""price"": 359.0, ""popcoins_used"": 36}, {""product_id"": 1040453, ""title"": ""Men Anya Forger Blue Oversized Graphic T-shirt"", ""quantity"": 1, ""price"": 500.0, ""popcoins_used"": 0}]"
ORD00000118,U000013,2025-11-30 17:09:09,3,8677.0,918,UPI,Processing,2025-12-08,"[{""product_id"": 948892, ""title"": ""Party Perfect Handle Beer Glasses & Mugs: Making Every Moment, Transparent, Clear, Size -13.5 X 12.5 X 9.5 Cm, Pack Of 5, Capacity - 550 Ml"", ""quantity"": 1, ""price"": 4089.0, ""popcoins_used"": 409}, {""product_id"": 1012775, ""title"": ""Lifestyle Shri Shivay Namastubhayam Wall Hanging For Home Decoration Wall Decor Items (multicolor )"", ""quantity"": 1, ""price"": 499.0, ""popcoins_used"": 100}, {""product_id"": 948892, ""title"": ""Party Perfect Handle Beer Glasses & Mugs: Making Every Moment, Transparent, Clear, Size -13.5 X 12.5 X 9.5 Cm, Pack Of 5, Capacity - 550 Ml"", ""quantity"": 1, ""price"": 4089.0, ""popcoins_used"": 409}]"
ORD00000119,U000013,2025-09-22 17:09:09,2,2948.0,245,Card,In Transit,2025-12-10,"[{""product_id"": 950140, ""title"": ""Timeless Glass Designs For Every Occasion, 200 Ml, Capacity, Pack Of 12, Size: 12 X 6.5 X 6.5 Cm"", ""quantity"": 1, ""price"": 2448.0, ""popcoins_used"": 245}, {""product_id"": 896118, ""title"": ""Men's Waffle Polo Plain Maroon T-shirt With Plain Waffle Maroon Shorts Co-ords"", ""quantity"": 1, ""price"": 500.0, ""popcoins_used"": 0}]"
ORD00000120,U000013,2025-10-28 17:09:09,1,1299.0,130,Net Banking,Processing,2025-12-07,"[{""product_id"": 1044302, ""title"": ""Eau De Parfum - Eclipse, 100ml"", ""quantity"": 1, ""price"": 1299.0, ""popcoins_used"": 130}]"
ORD00000121,U000013,2025-11-17 17:09:09,2,4945.0,495,Card,Processing,2025-12-10,"[{""product_id"": 899607, ""title"": ""Cool Glass Ash Tray: Sleek Design For Ashes With Style 13 X 13 X 3.5 Cm, Pack Of 4"", ""quantity"": 1, ""price"": 2497.0, ""popcoins_used"": 250}, {""product_id"": 949854, ""title"": ""Timeless Glass Designs For Every Occasion, 270 Ml, Capacity, Pack Of 12, Size: 7 X 7 X 10 Cm"", ""quantity"": 1, ""price"": 2448.0, ""popcoins_used"": 245}]"
ORD00000122,U000013,2025-10-14 17:09:09,1,500.0,0,UPI,Delivered,2025-12-04,"[{""product_id"": 243944, ""title"": ""Men Originals White Block Collar Neck Printed T-shirts"", ""quantity"": 1, ""price"": 500.0, ""popcoins_used"": 0}]"
ORD00000123,U000013,2025-10-13 17:09:09,3,1699.0,140,Net Banking,In Transit,2025-12-06,"[{""product_id"": 496872, ""title"": ""Lavender & Red Cotton Round Neck Half Sleeve Printed Oversized T-shirt - Pack Of 2"", ""quantity"": 1, ""price"": 500.0, ""popcoins_used"": 0}, {""product_id"": 1053733, ""title"": ""I Love You Dad Design Mug 9.5 X 7.5 X 1 Cm"", ""quantity"": 1, ""price"": 699.0, ""popcoins_used"": 140}, {""product_id"": 496872, ""title"": ""Lavender & Red Cotton Round Neck Half Sleeve Printed Oversized T-shirt - Pack Of 2"", ""quantity"": 1, ""price"": 500.0, ""popcoins_used"": 0}]"
ORD00000124,U000013,2025-10-29 17:09:09,2,2980.0,298,Card,In Transit,2025-12-09,"[{""product_id"": 899608, ""title"": ""Cool Glass Ash Tray: Sleek Design For Ashes With Style 10.5 X 10.5 X 3.5 Cm"", ""quantity"": 1, ""price"": 532.0, ""popcoins_used"": 53}, {""product_id"": 950140, ""title"": ""Timeless Glass Designs For Every Occasion, 200 Ml, Capacity, Pack Of 12, Size: 12 X 6.5 X 6.5 Cm"", ""quantity"": 1, ""price"": 2448.0, ""popcoins_used"": 245}]"
ORD00000125,U000014,2025-10-14 17:09:09,3,7304.0,731,UPI,In Transit,2025-12-07,"[{""product_id"": 949038, ""title"": ""Timeless Glass Designs For Every Occasion, 300 Ml, Capacity, Pack Of 9, Size: 14 X 7.5 X 7.5 Cm"", ""quantity"": 1, ""price"": 2408.0, ""popcoins_used"": 241}, {""product_id"": 949854, ""title"": ""Timeless Glass Designs For Every Occasion, 270 Ml, Capacity, Pack Of 12, Size: 7 X 7 X 10 Cm"", ""quantity"": 1, ""price"": 2448.0, ""popcoins_used"": 245}, {""product_id"": 949854, ""title"": ""Timeless Glass Designs For Every Occasion, 270 Ml, Capacity, Pack Of 12, Size: 7 X 7 X 10 Cm"", ""quantity"": 1, ""price"": 2448.0, ""popcoins_used"": 245}]"
ORD00000126,U000014,2025-11-11 17:09:09,4,10287.0,1479,Card,In Transit,2025-12-04,"[{""product_id"": 792468, ""title"": ""Auto Sight Wi-fi Dash Camera - Grey"", ""quantity"": 1, ""price"": 4999.0, ""popcoins_used"": 1000}, {""product_id"": 1053640, ""title"": ""Bring Your Own Mug Illustration Printed Ceramic Coffee Mug 350 Ml, White 9.5 X 7.5 X 1 Cm"", ""quantity"": 1, ""price"": 699.0, ""popcoins_used"": 70}, {""product_id"": 948892, ""title"": ""Party Perfect Handle Beer Glasses & Mugs: Making Every Moment, Transparent, Clear, Size -13.5 X 12.5 X 9.5 Cm, Pack Of 5, Capacity - 550 Ml"", ""quantity"": 1, ""price"": 4089.0, ""popcoins_used"": 409}, {""product_id"": 496872, ""title"": ""Lavender & Red Cotton Round Neck Half Sleeve Printed Oversized T-shirt - Pack Of 2"", ""quantity"": 1, ""price"": 500.0, ""popcoins_used"": 0}]"
ORD00000127,U000014,2025-11-11 17:09:09,3,8661.0,866,Net Banking,Delivered,2025-12-07,"[{""product_id"": 1044302, ""title"": ""Eau De Parfum - Eclipse, 100ml"", ""quantity"": 1, ""price"": 1299.0, ""popcoins_used"": 130}, {""product_id"": 948892, ""title"": ""Party Perfect Handle Beer Glasses & Mugs: Making Every Moment, Transparent, Clear, Size -13.5 X 12.5 X 9.5 Cm, Pack Of 5, Capacity - 550 Ml"", ""quantity"": 1, ""price"": 4089.0, ""popcoins_used"": 409}, {""product_id"": 950618, ""title"": ""Beautiful Wine Glasses For Memorable Moments, 150 Ml, Capacity, Pack Of 12, Size: 16.5 X 8 X 8 Cm"", ""quantity"": 1, ""price"": 3273.0, ""popcoins_used"": 327}]"
ORD00000128,U000014,2025-11-30 17:09:09,4,4696.0,469,Net Banking,Delivered,2025-12-05,"[{""product_id"": 899608, ""title"": ""Cool Glass Ash Tray: Sleek Design For Ashes With Style 10.5 X 10.5 X 3.5 Cm"", ""quantity"": 1, ""price"": 532.0, ""popcoins_used"": 53}, {""product_id"": 899608, ""title"": ""Cool Glass Ash Tray: Sleek Design For Ashes With Style 10.5 X 10.5 X 3.5 Cm"", ""quantity"": 1, ""price"": 532.0, ""popcoins_used"": 53}, {""product_id"": 612530, ""title"": ""Reed Diffuser Set Elite-essence Fragrance 120ml Glass Bottle, Aromatic Diffuser, Gift Set With 5 Black Fiber Sticks"", ""quantity"": 1, ""price"": 359.0, ""popcoins_used"": 36}, {""product_id"": 950618, ""title"": ""Beautiful Wine Glasses For Memorable Moments, 150 Ml, Capacity, Pack Of 12, Size: 16.5 X 8 X 8 Cm"", ""quantity"": 1, ""price"": 3273.0, ""popcoins_used"": 327}]"
ORD00000129,U000015,2025-09-21 17:09:09,1,2448.0,245,Net Banking,In Transit,2025-12-04,"[{""product_id"": 950140, ""title"": ""Timeless Glass Designs For Every Occasion, 200 Ml, Capacity, Pack Of 12, Size: 12 X 6.5 X 6.5 Cm"", ""quantity"": 1, ""price"": 2448.0, ""popcoins_used"": 245}]"
ORD00000130,U000015,2025-09-22 17:09:09,3,3448.0,245,Net Banking,In Transit,2025-12-09,"[{""product_id"": 950140, ""title"": ""Timeless Glass Designs For Every Occasion, 200 Ml, Capacity, Pack Of 12, Size: 12 X 6.5 X 6.5 Cm"", ""quantity"": 1, ""price"": 2448.0, ""popcoins_used"": 245}, {""product_id"": 717137, ""title"": ""Grey Colorblocked Gym Vest For Men"", ""quantity"": 1, ""price"": 500.0, ""popcoins_used"": 0}, {""product_id"": 496872, ""title"": ""Lavender & Red Cotton Round Neck Half Sleeve Printed Oversized T-shirt - Pack Of 2"", ""quantity"": 1, ""price"": 500.0, ""popcoins_used"": 0}]"
ORD00000131,U000015,2025-12-01 17:09:09,1,500.0,0,Net Banking,Processing,2025-12-10,"[{""product_id"": 896118, ""title"": ""Men's Waffle Polo Plain Maroon T-shirt With Plain Waffle Maroon Shorts Co-ords"", ""quantity"": 1, ""price"": 500.0, ""popcoins_used"": 0}]"
ORD00000132,U000015,2025-11-13 17:09:09,4,5914.0,662,Card,In Transit,2025-12-09,"[{""product_id"": 949854, ""title"": ""Timeless Glass Designs For Every Occasion, 270 Ml, Capacity, Pack Of 12, Size: 7 X 7 X 10 Cm"", ""quantity"": 1, ""price"": 2448.0, ""popcoins_used"": 245}, {""product_id"": 949038, ""title"": ""Timeless Glass Designs For Every Occasion, 300 Ml, Capacity, Pack Of 9, Size: 14 X 7.5 X 7.5 Cm"", ""quantity"": 1, ""price"": 2408.0, ""popcoins_used"": 241}, {""product_id"": 1053733, ""title"": ""I Love You Dad Design Mug 9.5 X 7.5 X 1 Cm"", ""quantity"": 1, ""price"": 699.0, ""popcoins_used"": 140}, {""product_id"": 612530, ""title"": ""Reed Diffuser Set Elite-essence Fragrance 120ml Glass Bottle, Aromatic Diffuser, Gift Set With 5 Black Fiber Sticks"", ""quantity"": 1, ""price"": 359.0, ""popcoins_used"": 36}]"
ORD00000133,U000015,2025-11-08 17:09:09,2,1795.0,130,Card,Delivered,2025-12-06,"[{""product_id"": 496872, ""title"": ""Lavender & Red Cotton Round Neck Half Sleeve Printed Oversized T-shirt - Pack Of 2"", ""quantity"": 1, ""price"": 500.0, ""popcoins_used"": 0}, {""product_id"": 949012, ""title"": ""Timeless Glass Designs For Every Occasion, 350 Ml, Capacity, Pack Of 6, Size: 12 X 7 X 7 Cm"", ""quantity"": 1, ""price"": 1295.0, ""popcoins_used"": 130}]"
ORD00000134,U000015,2025-11-07 17:09:09,1,347.0,35,Net Banking,In Transit,2025-12-07,"[{""product_id"": 41030, ""title"": ""Roasted & Lightly Salted California Pistachio - 250gm"", ""quantity"": 1, ""price"": 347.0, ""popcoins_used"": 35}]"
ORD00000135,U000015,2025-10-08 17:09:09,2,2947.0,345,UPI,Delivered,2025-12-07,"[{""product_id"": 1012775, ""title"": ""Lifestyle Shri Shivay Namastubhayam Wall Hanging For Home Decoration Wall Decor Items (multicolor )"", ""quantity"": 1, ""price"": 499.0, ""popcoins_used"": 100}, {""product_id"": 950140, ""title"": ""Timeless Glass Designs For Every Occasion, 200 Ml, Capacity, Pack Of 12, Size: 12 X 6.5 X 6.5 Cm"", ""quantity"": 1, ""price"": 2448.0, ""popcoins_used"": 245}]"
ORD00000136,U000015,2025-09-17 17:09:09,1,1299.0,325,Card,Delivered,2025-12-05,"[{""product_id"": 1053248, ""title"": ""Unisex Off White Captain America Embroidered Baseball Cap"", ""quantity"": 1, ""price"": 1299.0, ""popcoins_used"": 325}]"
ORD00000137,U000015,2025-11-29 17:09:09,4,1847.0,35,Net Banking,Processing,2025-12-07,"[{""product_id"": 1040453, ""title"": ""Men Anya Forger Blue Oversized Graphic T-shirt"", ""quantity"": 1, ""price"": 500.0, ""popcoins_used"": 0}, {""product_id"": 134472, ""title"": ""Organic Cotton Stretch Chino In Beige- Slim Fit"", ""quantity"": 1, ""price"": 500.0, ""popcoins_used"": 0}, {""product_id"": 41030, ""title"": ""Roasted & Lightly Salted California Pistachio - 250gm"", ""quantity"": 1, ""price"": 347.0, ""popcoins_used"": 35}, {""product_id"": 1040453, ""title"": ""Men Anya Forger Blue Oversized Graphic T-shirt"", ""quantity"": 1, ""price"": 500.0, ""popcoins_used"": 0}]"
ORD00000138,U000015,2025-10-11 17:09:09,4,4995.0,715,Card,Processing,2025-12-08,"[{""product_id"": 1053733, ""title"": ""I Love You Dad Design Mug 9.5 X 7.5 X 1 Cm"", ""quantity"": 1, ""price"": 699.0, ""popcoins_used"": 140}, {""product_id"": 899607, ""title"": ""Cool Glass Ash Tray: Sleek Design For Ashes With Style 13 X 13 X 3.5 Cm, Pack Of 4"", ""quantity"": 1, ""price"": 2497.0, ""popcoins_used"": 250}, {""product_id"": 134472, ""title"": ""Organic Cotton Stretch Chino In Beige- Slim Fit"", ""quantity"": 1, ""price"": 500.0, ""popcoins_used"": 0}, {""product_id"": 1053248, ""title"": ""Unisex Off White Captain America Embroidered Baseball Cap"", ""quantity"": 1, ""price"": 1299.0, ""popcoins_used"": 325}]"
ORD00000139,U000015,2025-09-17 17:09:09,1,500.0,0,Net Banking,Processing,2025-12-09,"[{""product_id"": 1038399, ""title"": ""Women's Yellow Rayon Blend Bandhani Embroidered Anarkali Kurta Trouser With Dupatta"", ""quantity"": 1, ""price"": 500.0, ""popcoins_used"": 0}]"
ORD00000140,U000015,2025-10-03 17:09:09,1,4089.0,409,Net Banking,Delivered,2025-12-06,"[{""product_id"": 948892, ""title"": ""Party Perfect Handle Beer Glasses & Mugs: Making Every Moment, Transparent, Clear, Size -13.5 X 12.5 X 9.5 Cm, Pack Of 5, Capacity - 550 Ml"", ""quantity"": 1, ""price"": 4089.0, ""popcoins_used"": 409}]"
ORD00000141,U000016,2025-11-28 17:09:09,4,3197.0,270,Card,In Transit,2025-12-09,"[{""product_id"": 1053640, ""title"": ""Bring Your Own Mug Illustration Printed Ceramic Coffee Mug 350 Ml, White 9.5 X 7.5 X 1 Cm"", ""quantity"": 1, ""price"": 699.0, ""popcoins_used"": 70}, {""product_id"": 1053640, ""title"": ""Bring Your Own Mug Illustration Printed Ceramic Coffee Mug 350 Ml, White 9.5 X 7.5 X 1 Cm"", ""quantity"": 1, ""price"": 699.0, ""popcoins_used"": 70}, {""product_id"": 1040453, ""title"": ""Men Anya Forger Blue Oversized Graphic T-shirt"", ""quantity"": 1, ""price"": 500.0, ""popcoins_used"": 0}, {""product_id"": 1044302, ""title"": ""Eau De Parfum - Eclipse, 100ml"", ""quantity"": 1, ""price"": 1299.0, ""popcoins_used"": 130}]"
ORD00000142,U000016,2025-11-15 17:09:09,4,2831.0,378,Card,Processing,2025-12-10,"[{""product_id"": 899608, ""title"": ""Cool Glass Ash Tray: Sleek Design For Ashes With Style 10.5 X 10.5 X 3.5 Cm"", ""quantity"": 1, ""price"": 532.0, ""popcoins_used"": 53}, {""product_id"": 1053248, ""title"": ""Unisex Off White Captain America Embroidered Baseball Cap"", ""quantity"": 1, ""price"": 1299.0, ""popcoins_used"": 325}, {""product_id"": 243944, ""title"": ""Men Originals White Block Collar Neck Printed T-shirts"", ""quantity"": 1, ""price"": 500.0, ""popcoins_used"": 0}, {""product_id"": 243944, ""title"": ""Men Originals White Block Collar Neck Printed T-shirts"", ""quantity"": 1, ""price"": 500.0, ""popcoins_used"": 0}]"
ORD00000143,U000016,2025-11-12 17:09:09,1,500.0,0,Card,In Transit,2025-12-09,"[{""product_id"": 1040453, ""title"": ""Men Anya Forger Blue Oversized Graphic T-shirt"", ""quantity"": 1, ""price"": 500.0, ""popcoins_used"": 0}]"
ORD00000144,U000016,2025-10-03 17:09:09,3,2299.0,325,UPI,In Transit,2025-12-04,"[{""product_id"": 428848, ""title"": ""Men's Pink Heathered Korean Oversized Shirt"", ""quantity"": 1, ""price"": 500.0, ""popcoins_used"": 0}, {""product_id"": 717137, ""title"": ""Grey Colorblocked Gym Vest For Men"", ""quantity"": 1, ""price"": 500.0, ""popcoins_used"": 0}, {""product_id"": 1053248, ""title"": ""Unisex Off White Captain America Embroidered Baseball Cap"", ""quantity"": 1, ""price"": 1299.0, ""popcoins_used"": 325}]"
ORD00000145,U000016,2025-10-06 17:09:09,3,4273.0,327,Net Banking,In Transit,2025-12-10,"[{""product_id"": 950618, ""title"": ""Beautiful Wine Glasses For Memorable Moments, 150 Ml, Capacity, Pack Of 12, Size: 16.5 X 8 X 8 Cm"", ""quantity"": 1, ""price"": 3273.0, ""popcoins_used"": 327}, {""product_id"": 1038399, ""title"": ""Women's Yellow Rayon Blend Bandhani Embroidered Anarkali Kurta Trouser With Dupatta"", ""quantity"": 1, ""price"": 500.0, ""popcoins_used"": 0}, {""product_id"": 134472, ""title"": ""Organic Cotton Stretch Chino In Beige- Slim Fit"", ""quantity"": 1, ""price"": 500.0, ""popcoins_used"": 0}]"
ORD00000146,U000016,2025-10-21 17:09:09,2,1799.0,130,Card,Processing,2025-12-07,"[{""product_id"": 1044302, ""title"": ""Eau De Parfum - Eclipse, 100ml"", ""quantity"": 1, ""price"": 1299.0, ""popcoins_used"": 130}, {""product_id"": 787062, ""title"": ""Womens Boxy Regular Embroidery Crew Neck Tshirt"", ""quantity"": 1, ""price"": 500.0, ""popcoins_used"": 0}]"
ORD00000147,U000016,2025-10-31 17:09:09,3,5888.0,734,Net Banking,In Transit,2025-12-08,"[{""product_id"": 1053248, ""title"": ""Unisex Off White Captain America Embroidered Baseball Cap"", ""quantity"": 1, ""price"": 1299.0, ""popcoins_used"": 325}, {""product_id"": 948892, ""title"": ""Party Perfect Handle Beer Glasses & Mugs: Making Every Moment, Transparent, Clear, Size -13.5 X 12.5 X 9.5 Cm, Pack Of 5, Capacity - 550 Ml"", ""quantity"": 1, ""price"": 4089.0, ""popcoins_used"": 409}, {""product_id"": 1038399, ""title"": ""Women's Yellow Rayon Blend Bandhani Embroidered Anarkali Kurta Trouser With Dupatta"", ""quantity"": 1, ""price"": 500.0, ""popcoins_used"": 0}]"
ORD00000148,U000016,2025-11-16 17:09:09,1,1299.0,130,UPI,Processing,2025-12-06,"[{""product_id"": 1044302, ""title"": ""Eau De Parfum - Eclipse, 100ml"", ""quantity"": 1, ""price"": 1299.0, ""popcoins_used"": 130}]"
ORD00000149,U000016,2025-10-17 17:09:09,1,500.0,0,Net Banking,In Transit,2025-12-09,"[{""product_id"": 717137, ""title"": ""Grey Colorblocked Gym Vest For Men"", ""quantity"": 1, ""price"": 500.0, ""popcoins_used"": 0}]"
ORD00000150,U000016,2025-09-22 17:09:09,3,5999.0,1000,Net Banking,In Transit,2025-12-07,"[{""product_id"": 792468, ""title"": ""Auto Sight Wi-fi Dash Camera - Grey"", ""quantity"": 1, ""price"": 4999.0, ""popcoins_used"": 1000}, {""product_id"": 1038399, ""title"": ""Women's Yellow Rayon Blend Bandhani Embroidered Anarkali Kurta Trouser With Dupatta"", ""quantity"": 1, ""price"": 500.0, ""popcoins_used"": 0}, {""product_id"": 496872, ""title"": ""Lavender & Red Cotton Round Neck Half Sleeve Printed Oversized T-shirt - Pack Of 2"", ""quantity"": 1, ""price"": 500.0, ""popcoins_used"": 0}]"
ORD00000151,U000016,2025-09-06 17:09:09,4,6498.0,1100,UPI,Delivered,2025-12-08,"[{""product_id"": 1012775, ""title"": ""Lifestyle Shri Shivay Namastubhayam Wall Hanging For Home Decoration Wall Decor Items (multicolor )"", ""quantity"": 1, ""price"": 499.0, ""popcoins_used"": 100}, {""product_id"": 792468, ""title"": ""Auto Sight Wi-fi Dash Camera - Grey"", ""quantity"": 1, ""price"": 4999.0, ""popcoins_used"": 1000}, {""product_id"": 428848, ""title"": ""Men's Pink Heathered Korean Oversized Shirt"", ""quantity"": 1, ""price"": 500.0, ""popcoins_used"": 0}, {""product_id"": 1040453, ""title"": ""Men Anya Forger Blue Oversized Graphic T-shirt"", ""quantity"": 1, ""price"": 500.0, ""popcoins_used"": 0}]"
ORD00000152,U000016,2025-09-13 17:09:09,3,3696.0,390,UPI,Delivered,2025-12-10,"[{""product_id"": 1053733, ""title"": ""I Love You Dad Design Mug 9.5 X 7.5 X 1 Cm"", ""quantity"": 1, ""price"": 699.0, ""popcoins_used"": 140}, {""product_id"": 899607, ""title"": ""Cool Glass Ash Tray: Sleek Design For Ashes With Style 13 X 13 X 3.5 Cm, Pack Of 4"", ""quantity"": 1, ""price"": 2497.0, ""popcoins_used"": 250}, {""product_id"": 787062, ""title"": ""Womens Boxy Regular Embroidery Crew Neck Tshirt"", ""quantity"": 1, ""price"": 500.0, ""popcoins_used"": 0}]"
ORD00000153,U000016,2025-11-15 17:09:09,2,10762.0,1576,Net Banking,Delivered,2025-12-06,"[{""product_id"": 949860, ""title"": ""Celebrate Special Times With Party Perfect Whisky Glasses! Cheers To Fun Moments, Clear, Capacity - 250 Ml, Pack Of 11, Size - 8.5 X 8.5 X 9.5 Cm"", ""quantity"": 1, ""price"": 5763.0, ""popcoins_used"": 576}, {""product_id"": 792468, ""title"": ""Auto Sight Wi-fi Dash Camera - Grey"", ""quantity"": 1, ""price"": 4999.0, ""popcoins_used"": 1000}]"
ORD00000154,U000016,2025-09-28 17:09:09,3,3408.0,241,Card,In Transit,2025-12-08,"[{""product_id"": 1040453, ""title"": ""Men Anya Forger Blue Oversized Graphic T-shirt"", ""quantity"": 1, ""price"": 500.0, ""popcoins_used"": 0}, {""product_id"": 949038, ""title"": ""Timeless Glass Designs For Every Occasion, 300 Ml, Capacity, Pack Of 9, Size: 14 X 7.5 X 7.5 Cm"", ""quantity"": 1, ""price"": 2408.0, ""popcoins_used"": 241}, {""product_id"": 1040453, ""title"": ""Men Anya Forger Blue Oversized Graphic T-shirt"", ""quantity"": 1, ""price"": 500.0, ""popcoins_used"": 0}]"
ORD00000155,U000016,2025-11-14 17:09:09,2,3773.0,327,Net Banking,Processing,2025-12-06,"[{""product_id"": 896118, ""title"": ""Men's Waffle Polo Plain Maroon T-shirt With Plain Waffle Maroon Shorts Co-ords"", ""quantity"": 1, ""price"": 500.0, ""popcoins_used"": 0}, {""product_id"": 950618, ""title"": ""Beautiful Wine Glasses For Memorable Moments, 150 Ml, Capacity, Pack Of 12, Size: 16.5 X 8 X 8 Cm"", ""quantity"": 1, ""price"": 3273.0, ""popcoins_used"": 327}]"
ORD00000156,U000017,2025-09-12 17:09:09,3,4491.0,520,UPI,Processing,2025-12-07,"[{""product_id"": 899607, ""title"": ""Cool Glass Ash Tray: Sleek Design For Ashes With Style 13 X 13 X 3.5 Cm, Pack Of 4"", ""quantity"": 1, ""price"": 2497.0, ""popcoins_used"": 250}, {""product_id"": 1053733, ""title"": ""I Love You Dad Design Mug 9.5 X 7.5 X 1 Cm"", ""quantity"": 1, ""price"": 699.0, ""popcoins_used"": 140}, {""product_id"": 949012, ""title"": ""Timeless Glass Designs For Every Occasion, 350 Ml, Capacity, Pack Of 6, Size: 12 X 7 X 7 Cm"", ""quantity"": 1, ""price"": 1295.0, ""popcoins_used"": 130}]"
ORD00000157,U000017,2025-12-02 17:09:09,2,3792.0,380,Net Banking,Delivered,2025-12-06,"[{""product_id"": 949012, ""title"": ""Timeless Glass Designs For Every Occasion, 350 Ml, Capacity, Pack Of 6, Size: 12 X 7 X 7 Cm"", ""quantity"": 1, ""price"": 1295.0, ""popcoins_used"": 130}, {""product_id"": 899607, ""title"": ""Cool Glass Ash Tray: Sleek Design For Ashes With Style 13 X 13 X 3.5 Cm, Pack Of 4"", ""quantity"": 1, ""price"": 2497.0, ""popcoins_used"": 250}]"
ORD00000158,U000017,2025-11-05 17:09:09,2,5358.0,1036,UPI,In Transit,2025-12-08,"[{""product_id"": 792468, ""title"": ""Auto Sight Wi-fi Dash Camera - Grey"", ""quantity"": 1, ""price"": 4999.0, ""popcoins_used"": 1000}, {""product_id"": 612530, ""title"": ""Reed Diffuser Set Elite-essence Fragrance 120ml Glass Bottle, Aromatic Diffuser, Gift Set With 5 Black Fiber Sticks"", ""quantity"": 1, ""price"": 359.0, ""popcoins_used"": 36}]"
ORD00000159,U000017,2025-11-08 17:09:09,1,3273.0,327,Card,In Transit,2025-12-07,"[{""product_id"": 950618, ""title"": ""Beautiful Wine Glasses For Memorable Moments, 150 Ml, Capacity, Pack Of 12, Size: 16.5 X 8 X 8 Cm"", ""quantity"": 1, ""price"": 3273.0, ""popcoins_used"": 327}]"
ORD00000160,U000017,2025-09-27 17:09:09,1,699.0,70,UPI,Processing,2025-12-05,"[{""product_id"": 1053640, ""title"": ""Bring Your Own Mug Illustration Printed Ceramic Coffee Mug 350 Ml, White 9.5 X 7.5 X 1 Cm"", ""quantity"": 1, ""price"": 699.0, ""popcoins_used"": 70}]"
ORD00000161,U000017,2025-09-14 17:09:09,3,3496.0,350,UPI,In Transit,2025-12-08,"[{""product_id"": 1012775, ""title"": ""Lifestyle Shri Shivay Namastubhayam Wall Hanging For Home Decoration Wall Decor Items (multicolor )"", ""quantity"": 1, ""price"": 499.0, ""popcoins_used"": 100}, {""product_id"": 134466, ""title"": ""Organic Cotton Stretch Chino In Slate Grey- Slim Fit"", ""quantity"": 1, ""price"": 500.0, ""popcoins_used"": 0}, {""product_id"": 899607, ""title"": ""Cool Glass Ash Tray: Sleek Design For Ashes With Style 13 X 13 X 3.5 Cm, Pack Of 4"", ""quantity"": 1, ""price"": 2497.0, ""popcoins_used"": 250}]"
ORD00000162,U000017,2025-09-24 17:09:09,1,500.0,0,Net Banking,Processing,2025-12-08,"[{""product_id"": 787062, ""title"": ""Womens Boxy Regular Embroidery Crew Neck Tshirt"", ""quantity"": 1, ""price"": 500.0, ""popcoins_used"": 0}]"
ORD00000163,U000017,2025-11-26 17:09:09,1,1299.0,325,Card,Processing,2025-12-08,"[{""product_id"": 1053248, ""title"": ""Unisex Off White Captain America Embroidered Baseball Cap"", ""quantity"": 1, ""price"": 1299.0, ""popcoins_used"": 325}]"
ORD00000164,U000017,2025-11-10 17:09:09,2,1000.0,0,Net Banking,Processing,2025-12-10,"[{""product_id"": 717137, ""title"": ""Grey Colorblocked Gym Vest For Men"", ""quantity"": 1, ""price"": 500.0, ""popcoins_used"": 0}, {""product_id"": 787062, ""title"": ""Womens Boxy Regular Embroidery Crew Neck Tshirt"", ""quantity"": 1, ""price"": 500.0, ""popcoins_used"": 0}]"
ORD00000165,U000017,2025-10-06 17:09:09,2,1000.0,0,UPI,Delivered,2025-12-08,"[{""product_id"": 717137, ""title"": ""Grey Colorblocked Gym Vest For Men"", ""quantity"": 1, ""price"": 500.0, ""popcoins_used"": 0}, {""product_id"": 1038399, ""title"": ""Women's Yellow Rayon Blend Bandhani Embroidered Anarkali Kurta Trouser With Dupatta"", ""quantity"": 1, ""price"": 500.0, ""popcoins_used"": 0}]"
ORD00000166,U000017,2025-11-09 17:09:09,3,3448.0,245,Net Banking,Delivered,2025-12-05,"[{""product_id"": 949854, ""title"": ""Timeless Glass Designs For Every Occasion, 270 Ml, Capacity, Pack Of 12, Size: 7 X 7 X 10 Cm"", ""quantity"": 1, ""price"": 2448.0, ""popcoins_used"": 245}, {""product_id"": 787062, ""title"": ""Womens Boxy Regular Embroidery Crew Neck Tshirt"", ""quantity"": 1, ""price"": 500.0, ""popcoins_used"": 0}, {""product_id"": 134472, ""title"": ""Organic Cotton Stretch Chino In Beige- Slim Fit"", ""quantity"": 1, ""price"": 500.0, ""popcoins_used"": 0}]"
ORD00000167,U000018,2025-11-02 17:09:09,3,1359.0,36,Net Banking,Processing,2025-12-07,"[{""product_id"": 134466, ""title"": ""Organic Cotton Stretch Chino In Slate Grey- Slim Fit"", ""quantity"": 1, ""price"": 500.0, ""popcoins_used"": 0}, {""product_id"": 612530, ""title"": ""Reed Diffuser Set Elite-essence Fragrance 120ml Glass Bottle, Aromatic Diffuser, Gift Set With 5 Black Fiber Sticks"", ""quantity"": 1, ""price"": 359.0, ""popcoins_used"": 36}, {""product_id"": 717137, ""title"": ""Grey Colorblocked Gym Vest For Men"", ""quantity"": 1, ""price"": 500.0, ""popcoins_used"": 0}]"
ORD00000168,U000018,2025-10-24 17:09:09,4,4747.0,570,Net Banking,Delivered,2025-12-05,"[{""product_id"": 243944, ""title"": ""Men Originals White Block Collar Neck Printed T-shirts"", ""quantity"": 1, ""price"": 500.0, ""popcoins_used"": 0}, {""product_id"": 949854, ""title"": ""Timeless Glass Designs For Every Occasion, 270 Ml, Capacity, Pack Of 12, Size: 7 X 7 X 10 Cm"", ""quantity"": 1, ""price"": 2448.0, ""popcoins_used"": 245}, {""product_id"": 1053248, ""title"": ""Unisex Off White Captain America Embroidered Baseball Cap"", ""quantity"": 1, ""price"": 1299.0, ""popcoins_used"": 325}, {""product_id"": 134466, ""title"": ""Organic Cotton Stretch Chino In Slate Grey- Slim Fit"", ""quantity"": 1, ""price"": 500.0, ""popcoins_used"": 0}]"
ORD00000169,U000018,2025-11-08 17:09:09,4,6384.0,539,UPI,Processing,2025-12-08,"[{""product_id"": 243944, ""title"": ""Men Originals White Block Collar Neck Printed T-shirts"", ""quantity"": 1, ""price"": 500.0, ""popcoins_used"": 0}, {""product_id"": 948892, ""title"": ""Party Perfect Handle Beer Glasses & Mugs: Making Every Moment, Transparent, Clear, Size -13.5 X 12.5 X 9.5 Cm, Pack Of 5, Capacity - 550 Ml"", ""quantity"": 1, ""price"": 4089.0, ""popcoins_used"": 409}, {""product_id"": 134472, ""title"": ""Organic Cotton Stretch Chino In Beige- Slim Fit"", ""quantity"": 1, ""price"": 500.0, ""popcoins_used"": 0}, {""product_id"": 949012, ""title"": ""Timeless Glass Designs For Every Occasion, 350 Ml, Capacity, Pack Of 6, Size: 12 X 7 X 7 Cm"", ""quantity"": 1, ""price"": 1295.0, ""popcoins_used"": 130}]"
ORD00000170,U000018,2025-10-26 17:09:09,2,3743.0,375,Net Banking,Delivered,2025-12-08,"[{""product_id"": 950140, ""title"": ""Timeless Glass Designs For Every Occasion, 200 Ml, Capacity, Pack Of 12, Size: 12 X 6.5 X 6.5 Cm"", ""quantity"": 1, ""price"": 2448.0, ""popcoins_used"": 245}, {""product_id"": 949012, ""title"": ""Timeless Glass Designs For Every Occasion, 350 Ml, Capacity, Pack Of 6, Size: 12 X 7 X 7 Cm"", ""quantity"": 1, ""price"": 1295.0, ""popcoins_used"": 130}]"
ORD00000171,U000018,2025-09-12 17:09:09,4,5788.0,549,UPI,Processing,2025-12-10,"[{""product_id"": 1053733, ""title"": ""I Love You Dad Design Mug 9.5 X 7.5 X 1 Cm"", ""quantity"": 1, ""price"": 699.0, ""popcoins_used"": 140}, {""product_id"": 243944, ""title"": ""Men Originals White Block Collar Neck Printed T-shirts"", ""quantity"": 1, ""price"": 500.0, ""popcoins_used"": 0}, {""product_id"": 1040453, ""title"": ""Men Anya Forger Blue Oversized Graphic T-shirt"", ""quantity"": 1, ""price"": 500.0, ""popcoins_used"": 0}, {""product_id"": 948892, ""title"": ""Party Perfect Handle Beer Glasses & Mugs: Making Every Moment, Transparent, Clear, Size -13.5 X 12.5 X 9.5 Cm, Pack Of 5, Capacity - 550 Ml"", ""quantity"": 1, ""price"": 4089.0, ""popcoins_used"": 409}]"
ORD00000172,U000018,2025-09-18 17:09:09,4,2678.0,218,Card,In Transit,2025-12-09,"[{""product_id"": 41030, ""title"": ""Roasted & Lightly Salted California Pistachio - 250gm"", ""quantity"": 1, ""price"": 347.0, ""popcoins_used"": 35}, {""product_id"": 787062, ""title"": ""Womens Boxy Regular Embroidery Crew Neck Tshirt"", ""quantity"": 1, ""price"": 500.0, ""popcoins_used"": 0}, {""product_id"": 1044302, ""title"": ""Eau De Parfum - Eclipse, 100ml"", ""quantity"": 1, ""price"": 1299.0, ""popcoins_used"": 130}, {""product_id"": 899608, ""title"": ""Cool Glass Ash Tray: Sleek Design For Ashes With Style 10.5 X 10.5 X 3.5 Cm"", ""quantity"": 1, ""price"": 532.0, ""popcoins_used"": 53}]"
ORD00000173,U000018,2025-10-03 17:09:09,2,2908.0,241,Net Banking,In Transit,2025-12-09,"[{""product_id"": 818766, ""title"": ""Women's Blue Don't Talk To Me Graphic Printed Relaxed Fit T-shirt"", ""quantity"": 1, ""price"": 500.0, ""popcoins_used"": 0}, {""product_id"": 949038, ""title"": ""Timeless Glass Designs For Every Occasion, 300 Ml, Capacity, Pack Of 9, Size: 14 X 7.5 X 7.5 Cm"", ""quantity"": 1, ""price"": 2408.0, ""popcoins_used"": 241}]"
ORD00000174,U000018,2025-11-02 17:09:09,3,3647.0,385,Card,In Transit,2025-12-09,"[{""product_id"": 787062, ""title"": ""Womens Boxy Regular Embroidery Crew Neck Tshirt"", ""quantity"": 1, ""price"": 500.0, ""popcoins_used"": 0}, {""product_id"": 1053733, ""title"": ""I Love You Dad Design Mug 9.5 X 7.5 X 1 Cm"", ""quantity"": 1, ""price"": 699.0, ""popcoins_used"": 140}, {""product_id"": 949854, ""title"": ""Timeless Glass Designs For Every Occasion, 270 Ml, Capacity, Pack Of 12, Size: 7 X 7 X 10 Cm"", ""quantity"": 1, ""price"": 2448.0, ""popcoins_used"": 245}]"
ORD00000175,U000018,2025-11-10 17:09:09,3,7862.0,736,Card,Delivered,2025-12-06,"[{""product_id"": 950618, ""title"": ""Beautiful Wine Glasses For Memorable Moments, 150 Ml, Capacity, Pack Of 12, Size: 16.5 X 8 X 8 Cm"", ""quantity"": 1, ""price"": 3273.0, ""popcoins_used"": 327}, {""product_id"": 948892, ""title"": ""Party Perfect Handle Beer Glasses & Mugs: Making Every Moment, Transparent, Clear, Size -13.5 X 12.5 X 9.5 Cm, Pack Of 5, Capacity - 550 Ml"", ""quantity"": 1, ""price"": 4089.0, ""popcoins_used"": 409}, {""product_id"": 243944, ""title"": ""Men Originals White Block Collar Neck Printed T-shirts"", ""quantity"": 1, ""price"": 500.0, ""popcoins_used"": 0}]"
ORD00000176,U000018,2025-10-09 17:09:09,4,2795.0,130,Net Banking,In Transit,2025-12-04,"[{""product_id"": 949012, ""title"": ""Timeless Glass Designs For Every Occasion, 350 Ml, Capacity, Pack Of 6, Size: 12 X 7 X 7 Cm"", ""quantity"": 1, ""price"": 1295.0, ""popcoins_used"": 130}, {""product_id"": 496872, ""title"": ""Lavender & Red Cotton Round Neck Half Sleeve Printed Oversized T-shirt - Pack Of 2"", ""quantity"": 1, ""price"": 500.0, ""popcoins_used"": 0}, {""product_id"": 496872, ""title"": ""Lavender & Red Cotton Round Neck Half Sleeve Printed Oversized T-shirt - Pack Of 2"", ""quantity"": 1, ""price"": 500.0, ""popcoins_used"": 0}, {""product_id"": 134472, ""title"": ""Organic Cotton Stretch Chino In Beige- Slim Fit"", ""quantity"": 1, ""price"": 500.0, ""popcoins_used"": 0}]"
ORD00000177,U000018,2025-11-10 17:09:09,4,6720.0,672,UPI,Delivered,2025-12-10,"[{""product_id"": 818766, ""title"": ""Women's Blue Don't Talk To Me Graphic Printed Relaxed Fit T-shirt"", ""quantity"": 1, ""price"": 500.0, ""popcoins_used"": 0}, {""product_id"": 950618, ""title"": ""Beautiful Wine Glasses For Memorable Moments, 150 Ml, Capacity, Pack Of 12, Size: 16.5 X 8 X 8 Cm"", ""quantity"": 1, ""price"": 3273.0, ""popcoins_used"": 327}, {""product_id"": 1012775, ""title"": ""Lifestyle Shri Shivay Namastubhayam Wall Hanging For Home Decoration Wall Decor Items (multicolor )"", ""quantity"": 1, ""price"": 499.0, ""popcoins_used"": 100}, {""product_id"": 949854, ""title"": ""Timeless Glass Designs For Every Occasion, 270 Ml, Capacity, Pack Of 12, Size: 7 X 7 X 10 Cm"", ""quantity"": 1, ""price"": 2448.0, ""popcoins_used"": 245}]"
ORD00000178,U000019,2025-10-25 17:09:09,2,7407.0,1241,Card,Processing,2025-12-07,"[{""product_id"": 792468, ""title"": ""Auto Sight Wi-fi Dash Camera - Grey"", ""quantity"": 1, ""price"": 4999.0, ""popcoins_used"": 1000}, {""product_id"": 949038, ""title"": ""Timeless Glass Designs For Every Occasion, 300 Ml, Capacity, Pack Of 9, Size: 14 X 7.5 X 7.5 Cm"", ""quantity"": 1, ""price"": 2408.0, ""popcoins_used"": 241}]"
ORD00000179,U000019,2025-10-26 17:09:09,1,499.0,100,Net Banking,Delivered,2025-12-08,"[{""product_id"": 1012775, ""title"": ""Lifestyle Shri Shivay Namastubhayam Wall Hanging For Home Decoration Wall Decor Items (multicolor )"", ""quantity"": 1, ""price"": 499.0, ""popcoins_used"": 100}]"
ORD00000180,U000019,2025-11-09 17:09:09,2,1000.0,0,Card,Delivered,2025-12-10,"[{""product_id"": 818766, ""title"": ""Women's Blue Don't Talk To Me Graphic Printed Relaxed Fit T-shirt"", ""quantity"": 1, ""price"": 500.0, ""popcoins_used"": 0}, {""product_id"": 496872, ""title"": ""Lavender & Red Cotton Round Neck Half Sleeve Printed Oversized T-shirt - Pack Of 2"", ""quantity"": 1, ""price"": 500.0, ""popcoins_used"": 0}]"
ORD00000181,U000019,2025-11-13 17:09:09,2,2947.0,345,Card,Processing,2025-12-07,"[{""product_id"": 950140, ""title"": ""Timeless Glass Designs For Every Occasion, 200 Ml, Capacity, Pack Of 12, Size: 12 X 6.5 X 6.5 Cm"", ""quantity"": 1, ""price"": 2448.0, ""popcoins_used"": 245}, {""product_id"": 1012775, ""title"": ""Lifestyle Shri Shivay Namastubhayam Wall Hanging For Home Decoration Wall Decor Items (multicolor )"", ""quantity"": 1, ""price"": 499.0, ""popcoins_used"": 100}]"
ORD00000182,U000019,2025-10-31 17:09:09,4,2799.0,130,Card,In Transit,2025-12-06,"[{""product_id"": 1044302, ""title"": ""Eau De Parfum - Eclipse, 100ml"", ""quantity"": 1, ""price"": 1299.0, ""popcoins_used"": 130}, {""product_id"": 1040453, ""title"": ""Men Anya Forger Blue Oversized Graphic T-shirt"", ""quantity"": 1, ""price"": 500.0, ""popcoins_used"": 0}, {""product_id"": 787062, ""title"": ""Womens Boxy Regular Embroidery Crew Neck Tshirt"", ""quantity"": 1, ""price"": 500.0, ""popcoins_used"": 0}, {""product_id"": 717137, ""title"": ""Grey Colorblocked Gym Vest For Men"", ""quantity"": 1, ""price"": 500.0, ""popcoins_used"": 0}]"
ORD00000183,U000019,2025-10-19 17:09:09,2,5499.0,1000,Net Banking,In Transit,2025-12-07,"[{""product_id"": 792468, ""title"": ""Auto Sight Wi-fi Dash Camera - Grey"", ""quantity"": 1, ""price"": 4999.0, ""popcoins_used"": 1000}, {""product_id"": 818766, ""title"": ""Women's Blue Don't Talk To Me Graphic Printed Relaxed Fit T-shirt"", ""quantity"": 1, ""price"": 500.0, ""popcoins_used"": 0}]"
ORD00000184,U000020,2025-12-03 17:09:09,4,10091.0,1009,Card,Delivered,2025-12-07,"[{""product_id"": 949860, ""title"": ""Celebrate Special Times With Party Perfect Whisky Glasses! Cheers To Fun Moments, Clear, Capacity - 250 Ml, Pack Of 11, Size - 8.5 X 8.5 X 9.5 Cm"", ""quantity"": 1, ""price"": 5763.0, ""popcoins_used"": 576}, {""product_id"": 899607, ""title"": ""Cool Glass Ash Tray: Sleek Design For Ashes With Style 13 X 13 X 3.5 Cm, Pack Of 4"", ""quantity"": 1, ""price"": 2497.0, ""popcoins_used"": 250}, {""product_id"": 1044302, ""title"": ""Eau De Parfum - Eclipse, 100ml"", ""quantity"": 1, ""price"": 1299.0, ""popcoins_used"": 130}, {""product_id"": 899608, ""title"": ""Cool Glass Ash Tray: Sleek Design For Ashes With Style 10.5 X 10.5 X 3.5 Cm"", ""quantity"": 1, ""price"": 532.0, ""popcoins_used"": 53}]"
ORD00000185,U000020,2025-10-06 17:09:09,3,5072.0,652,Card,Delivered,2025-12-10,"[{""product_id"": 950618, ""title"": ""Beautiful Wine Glasses For Memorable Moments, 150 Ml, Capacity, Pack Of 12, Size: 16.5 X 8 X 8 Cm"", ""quantity"": 1, ""price"": 3273.0, ""popcoins_used"": 327}, {""product_id"": 1053248, ""title"": ""Unisex Off White Captain America Embroidered Baseball Cap"", ""quantity"": 1, ""price"": 1299.0, ""popcoins_used"": 325}, {""product_id"": 428848, ""title"": ""Men's Pink Heathered Korean Oversized Shirt"", ""quantity"": 1, ""price"": 500.0, ""popcoins_used"": 0}]"
ORD00000186,U000020,2025-11-01 17:09:09,2,858.0,136,Card,In Transit,2025-12-04,"[{""product_id"": 612530, ""title"": ""Reed Diffuser Set Elite-essence Fragrance 120ml Glass Bottle, Aromatic Diffuser, Gift Set With 5 Black Fiber Sticks"", ""quantity"": 1, ""price"": 359.0, ""popcoins_used"": 36}, {""product_id"": 1012775, ""title"": ""Lifestyle Shri Shivay Namastubhayam Wall Hanging For Home Decoration Wall Decor Items (multicolor )"", ""quantity"": 1, ""price"": 499.0, ""popcoins_used"": 100}]"
ORD00000187,U000020,2025-10-23 17:09:09,3,4328.0,628,Net Banking,Processing,2025-12-09,"[{""product_id"": 899608, ""title"": ""Cool Glass Ash Tray: Sleek Design For Ashes With Style 10.5 X 10.5 X 3.5 Cm"", ""quantity"": 1, ""price"": 532.0, ""popcoins_used"": 53}, {""product_id"": 1053248, ""title"": ""Unisex Off White Captain America Embroidered Baseball Cap"", ""quantity"": 1, ""price"": 1299.0, ""popcoins_used"": 325}, {""product_id"": 899607, ""title"": ""Cool Glass Ash Tray: Sleek Design For Ashes With Style 13 X 13 X 3.5 Cm, Pack Of 4"", ""quantity"": 1, ""price"": 2497.0, ""popcoins_used"": 250}]"
ORD00000188,U000020,2025-09-15 17:09:09,2,1658.0,361,Net Banking,In Transit,2025-12-10,"[{""product_id"": 1053248, ""title"": ""Unisex Off White Captain America Embroidered Baseball Cap"", ""quantity"": 1, ""price"": 1299.0, ""popcoins_used"": 325}, {""product_id"": 612530, ""title"": ""Reed Diffuser Set Elite-essence Fragrance 120ml Glass Bottle, Aromatic Diffuser, Gift Set With 5 Black Fiber Sticks"", ""quantity"": 1, ""price"": 359.0, ""popcoins_used"": 36}]"
ORD00000189,U000020,2025-11-13 17:09:09,3,1500.0,0,Card,Processing,2025-12-07,"[{""product_id"": 243944, ""title"": ""Men Originals White Block Collar Neck Printed T-shirts"", ""quantity"": 1, ""price"": 500.0, ""popcoins_used"": 0}, {""product_id"": 134472, ""title"": ""Organic Cotton Stretch Chino In Beige- Slim Fit"", ""quantity"": 1, ""price"": 500.0, ""popcoins_used"": 0}, {""product_id"": 717137, ""title"": ""Grey Colorblocked Gym Vest For Men"", ""quantity"": 1, ""price"": 500.0, ""popcoins_used"": 0}]"
ORD00000190,U000020,2025-09-06 17:09:09,4,4795.0,480,Net Banking,In Transit,2025-12-05,"[{""product_id"": 134466, ""title"": ""Organic Cotton Stretch Chino In Slate Grey- Slim Fit"", ""quantity"": 1, ""price"": 500.0, ""popcoins_used"": 0}, {""product_id"": 1044302, ""title"": ""Eau De Parfum - Eclipse, 100ml"", ""quantity"": 1, ""price"": 1299.0, ""popcoins_used"": 130}, {""product_id"": 1012775, ""title"": ""Lifestyle Shri Shivay Namastubhayam Wall Hanging For Home Decoration Wall Decor Items (multicolor )"", ""quantity"": 1, ""price"": 499.0, ""popcoins_used"": 100}, {""product_id"": 899607, ""title"": ""Cool Glass Ash Tray: Sleek Design For Ashes With Style 13 X 13 X 3.5 Cm, Pack Of 4"", ""quantity"": 1, ""price"": 2497.0, ""popcoins_used"": 250}]"
